0.000029 main                        (2): ALWAYS INCLUDE THE FOLLOWING LINES WHEN SENDING DEBUG MESSAGES TO THE MAILING LIST:
0.000042 main                        (2): gphoto2 2.5.28
0.000045 main                        (2): gphoto2 has been compiled with the following options:
0.000047 main                        (2):  + gcc (C compiler used)
0.000048 main                        (2):  + popt (mandatory, for handling command-line parameters)
0.000049 main                        (2):  + exif (for displaying EXIF information)
0.000050 main                        (2):  + cdk (for accessing configuration options)
0.000051 main                        (2):  + aa (for displaying live previews)
0.000053 main                        (2):  + jpeg (for displaying live previews in JPEG format)
0.000053 main                        (2):  + readline (for easy navigation in the shell)
0.000055 main                        (2): libgphoto2 2.5.34
0.000056 main                        (2): libgphoto2 has been compiled with the following options:
0.000058 main                        (2):  + standard camlib set (ptp2 pentax directory)
0.000059 main                        (2):  + gcc (C compiler used)
0.000060 main                        (2):  + ltdl (for portable loading of camlibs)
0.000062 main                        (2):  + EXIF (for special handling of EXIF files)
0.000065 main                        (2): libgphoto2_port 2.5.34
0.000066 main                        (2): libgphoto2_port has been compiled with the following options:
0.000068 main                        (2):  + iolibs: disk libusb1 usbscsi
0.000069 main                        (2):  + gcc (C compiler used)
0.000072 main                        (2):  + ltdl (for portable loading of iolibs)
0.000074 main                        (2):  + EXIF (for vusb)
0.000075 main                        (2):  + USB (libusb1, for USB cameras)
0.000078 main                        (2):  + no serial (for serial cameras)
0.000080 main                        (2):  + no resmgr (serial port access and locking)
0.000083 main                        (2):  + no ttylock (serial port locking)
0.000084 main                        (2):  + no lockdev (serial port locking)
0.000088 main                        (2): CAMLIBS = '/home/ian/Documents/VSCodeProjects/LibGphoto2/libgphoto2/_build/camlibs'
0.000089 main                        (2): IOLIBS = '/home/ian/Documents/VSCodeProjects/LibGphoto2/libgphoto2/_build/libgphoto2_port/libusb1:/home/ian/Documents/VSCodeProjects/LibGphoto2/libgphoto2/_build/libgphoto2_port/usbscsi'
0.000093 main                        (2): invoked with following arguments:
0.000099 main                        (2):   --camera
0.000100 main                        (2):   Pentax K-1 Mark II (PTP mode)
0.000102 main                        (2):   --port
0.000103 main                        (2):   usb:001,008
0.000104 main                        (2):   --get-config
0.000105 main                        (2):   /main/status/pentaxconditions
0.000107 main                        (2):   --debug
0.000109 main                        (2):   --debug-logfile=docs/pentax/evidence/2026-09-02/k1ii-baseline-preflight.log
0.000114 main                        (2): Processing 'model' option ('Pentax K-1 Mark II (PTP mode)')...
0.000122 gp_port_init_localedir      (2): localedir has been set to /home/ian/.local/share/locale (compile-time default)
0.000126 gp_init_localedir           (2): localedir has been set to /home/ian/.local/share/locale (compile-time default)
0.000134 unlocked_gp_abilities_list_load_dir(2): Using ltdl to load camera libraries from '/home/ian/Documents/VSCodeProjects/LibGphoto2/libgphoto2/_build/camlibs'...
0.000163 foreach_func                (2): Found '/home/ian/Documents/VSCodeProjects/LibGphoto2/libgphoto2/_build/camlibs/directory'.
0.000169 foreach_func                (2): Found '/home/ian/Documents/VSCodeProjects/LibGphoto2/libgphoto2/_build/camlibs/pentax'.
0.000171 foreach_func                (2): Found '/home/ian/Documents/VSCodeProjects/LibGphoto2/libgphoto2/_build/camlibs/ptp2'.
0.000173 unlocked_gp_abilities_list_load_dir(2): Found 3 camera drivers.
0.002742 gp_camera_set_abilities     (2): Setting abilities ('Pentax K-1 Mark II (PTP mode)')...
0.002759 gp_settings_path            (2): Using legacy settings path ('/home/ian/.gphoto/settings')
0.002760 gp_settings_path            (2): Creating gphoto config directory ('/home/ian/.gphoto')
0.002771 load_settings               (2): Loading settings from file '/home/ian/.gphoto/settings'.
0.002777 gp_setting_set              (2): Setting key 'model' to value 'Pentax K-1 Mark II (PTP mode)' (gphoto2)
0.002780 gp_settings_path            (2): Using legacy settings path ('/home/ian/.gphoto/settings')
0.002782 gp_settings_path            (2): Creating gphoto config directory ('/home/ian/.gphoto')
0.002784 save_settings               (2): Saving 3 setting(s) to file "/home/ian/.gphoto/settings"
0.002838 main                        (2): Processing 'port' option ('usb:001,008')...
0.002842 gp_port_init_localedir      (2): ignoring late call (localedir value NULL)
0.002845 gp_port_info_list_load      (2): Using ltdl to load io-drivers from '/home/ian/Documents/VSCodeProjects/LibGphoto2/libgphoto2/_build/libgphoto2_port/libusb1:/home/ian/Documents/VSCodeProjects/LibGphoto2/libgphoto2/_build/libgphoto2_port/usbscsi'...
0.002861 foreach_func                (2): Called for filename '/home/ian/Documents/VSCodeProjects/LibGphoto2/libgphoto2/_build/libgphoto2_port/libusb1/usb1'.
0.006098 foreach_func                (2): Loaded '' ('^usb:') from '/home/ian/Documents/VSCodeProjects/LibGphoto2/libgphoto2/_build/libgphoto2_port/libusb1/usb1'.
0.006107 foreach_func                (2): Loaded 'Universal Serial Bus' ('usb:008,002') from '/home/ian/Documents/VSCodeProjects/LibGphoto2/libgphoto2/_build/libgphoto2_port/libusb1/usb1'.
0.006109 foreach_func                (2): Loaded 'Universal Serial Bus' ('usb:002,002') from '/home/ian/Documents/VSCodeProjects/LibGphoto2/libgphoto2/_build/libgphoto2_port/libusb1/usb1'.
0.006112 foreach_func                (2): Loaded 'Universal Serial Bus' ('usb:001,009') from '/home/ian/Documents/VSCodeProjects/LibGphoto2/libgphoto2/_build/libgphoto2_port/libusb1/usb1'.
0.006115 foreach_func                (2): Loaded 'Universal Serial Bus' ('usb:001,008') from '/home/ian/Documents/VSCodeProjects/LibGphoto2/libgphoto2/_build/libgphoto2_port/libusb1/usb1'.
0.006117 foreach_func                (2): Loaded 'Universal Serial Bus' ('usb:001,005') from '/home/ian/Documents/VSCodeProjects/LibGphoto2/libgphoto2/_build/libgphoto2_port/libusb1/usb1'.
0.006119 foreach_func                (2): Called for filename '/home/ian/Documents/VSCodeProjects/LibGphoto2/libgphoto2/_build/libgphoto2_port/libusb1/usb1.so'.
0.006261 foreach_func                (2): '/home/ian/Documents/VSCodeProjects/LibGphoto2/libgphoto2/_build/libgphoto2_port/libusb1/usb1.so' already loaded
0.006295 foreach_func                (2): Called for filename '/home/ian/Documents/VSCodeProjects/LibGphoto2/libgphoto2/_build/libgphoto2_port/usbscsi/usbscsi'.
0.006373 foreach_func                (2): Loaded 'USB Mass Storage raw SCSI' ('usbscsi:/dev/sg0') from '/home/ian/Documents/VSCodeProjects/LibGphoto2/libgphoto2/_build/libgphoto2_port/usbscsi/usbscsi'.
0.006378 foreach_func                (2): Called for filename '/home/ian/Documents/VSCodeProjects/LibGphoto2/libgphoto2/_build/libgphoto2_port/usbscsi/usbscsi.so'.
0.006395 foreach_func                (2): '/home/ian/Documents/VSCodeProjects/LibGphoto2/libgphoto2/_build/libgphoto2_port/usbscsi/usbscsi.so' already loaded
0.006404 gp_port_info_list_count     (2): Counting entries (7 available)...
0.006408 gp_port_info_list_count     (2): 6 regular entries available.
0.006410 gp_port_info_list_lookup_path(2): Looking for path 'usb:001,008' (7 entries available)...
0.006412 gp_port_info_list_get_info  (2): Getting info of entry 3 (7 available)...
0.006416 gp_camera_set_port_info     (2): Setting port info for port 'Universal Serial Bus' at 'usb:001,008'...
0.009074 gp_port_set_timeout         (2): Setting port timeout to 5000 milliseconds.
0.009081 gp_port_set_settings        (2): Setting settings...
0.009089 gp_libusb1_update           (2): (old int=0, conf=-1, alt=-1) port usb:001,008, (new int=0, conf=-1, alt=-1) port usb:001,008
0.009093 gp_libusb1_update           (2): lowlevel libusb1 port not yet opened, no need for libusb changes
0.009097 gp_setting_set              (2): Setting key 'port' to value 'usb:001,008' (gphoto2)
0.009102 gp_settings_path            (2): Using legacy settings path ('/home/ian/.gphoto/settings')
0.009106 gp_settings_path            (2): Creating gphoto config directory ('/home/ian/.gphoto')
0.009108 save_settings               (2): Saving 3 setting(s) to file "/home/ian/.gphoto/settings"
0.009313 gp_camera_init              (2): Initializing camera...
0.009325 gp_libusb1_find_device_lib  (2): Looking for USB device (vendor 0x25fb, product 0x183)... found.
0.009342 gp_libusb1_find_device_lib  (2): Detected defaults: config 1, interface 0, altsetting 0, inep 81, outep 02, intep 83, class 06, subclass 01
0.009346 gp_camera_init              (2): Loading '/home/ian/Documents/VSCodeProjects/LibGphoto2/libgphoto2/_build/camlibs/ptp2'...
0.009632 gp_port_open                (2): Opening USB port...
0.009637 gp_libusb1_open             (2): ()
0.009655 gp_libusb1_open             (2): claiming interface 0
0.009713 camera_init                 (2): maxpacketsize 512
0.009718 gp_port_set_timeout         (2): Setting port timeout to 8000 milliseconds.
0.009722 ptp                         (2): PTP: Opening session
0.009729 ptp_usb_sendreq             (2): Sending PTP_OC 0x1002 (Open session) (0x1) request...
0.009732 gp_port_write               (3): Writing 16 = 0x10 bytes to port...
0.009814 gp_port_write               (3): Wrote   16 = 0x10 bytes to port: (hexdump of 16 bytes)
0000  10 00 00 00 01 00 02 10-00 00 00 00 01 00 00 00  ................

0.009818 ptp_usb_getresp             (2): Reading PTP_OC 0x1002 (Open session) response...
0.009821 gp_port_read                (3): Reading 1024 = 0x400 bytes from port...
0.009984 gp_port_read                (3): Read    12 = 0xc out of 1024 bytes from port: (hexdump of 12 bytes)
0000  0c 00 00 00 03 00 01 20-00 00 00 00              ....... ....    

0.009988 gp_port_set_timeout         (2): Setting port timeout to 20000 milliseconds.
0.009991 ptp_usb_sendreq             (2): Sending PTP_OC 0x1001 (Get device info) request...
0.009994 gp_port_write               (3): Writing 12 = 0xc bytes to port...
0.010024 gp_port_write               (3): Wrote   12 = 0xc bytes to port: (hexdump of 12 bytes)
0000  0c 00 00 00 01 00 01 10-01 00 00 00              ............    

0.010028 ptp_usb_getdata             (2): Reading PTP_OC 0x1001 (Get device info) data...
0.010030 gp_port_read                (3): Reading 1024 = 0x400 bytes from port...
0.010260 gp_port_read                (3): Read    319 = 0x13f out of 1024 bytes from port: (hexdump of 319 bytes)
0000  3f 01 00 00 02 00 01 10-01 00 00 00 64 00 06 00  ?...........d...
0010  00 00 64 00 24 00 6d 00-69 00 63 00 72 00 6f 00  ..d.$.m.i.c.r.o.
0020  73 00 6f 00 66 00 74 00-2e 00 63 00 6f 00 6d 00  s.o.f.t...c.o.m.
0030  2f 00 44 00 65 00 76 00-69 00 63 00 65 00 53 00  /.D.e.v.i.c.e.S.
0040  65 00 72 00 76 00 69 00-63 00 65 00 73 00 3a 00  e.r.v.i.c.e.s.:.
0050  20 00 31 00 2e 00 30 00-3b 00 20 00 01 00 00 17   .1...0.;. .....
0060  00 00 00 01 10 02 10 03-10 04 10 05 10 06 10 07  ................
0070  10 08 10 09 10 0a 10 0b-10 0c 10 0d 10 0f 10 14  ................
0080  10 15 10 16 10 1b 10 01-98 02 98 03 98 05 98 01  ................
0090  90 05 00 00 00 03 40 04-40 05 40 02 40 01 c1 05  ......@.@.@.@...
00a0  00 00 00 01 50 11 50 06-d4 07 d4 03 d3 00 00 00  ....P.P.........
00b0  00 07 00 00 00 01 30 0a-30 0d 30 0d 38 01 38 00  ......0.0.0.8.8.
00c0  38 00 30 1c 52 00 49 00-43 00 4f 00 48 00 20 00  8.0.R.I.C.O.H. .
00d0  49 00 4d 00 41 00 47 00-49 00 4e 00 47 00 20 00  I.M.A.G.I.N.G. .
00e0  43 00 4f 00 4d 00 50 00-41 00 4e 00 59 00 2c 00  C.O.M.P.A.N.Y.,.
00f0  20 00 4c 00 54 00 44 00-2e 00 00 00 13 50 00 45   .L.T.D......P.E
0100  00 4e 00 54 00 41 00 58-00 20 00 4b 00 2d 00 31  .N.T.A.X. .K.-.1
0110  00 20 00 4d 00 61 00 72-00 6b 00 20 00 49 00 49  . .M.a.r.k. .I.I
0120  00 00 00 05 31 00 2e 00-30 00 32 00 00 00 08 37  ....1...0.2....7
0130  00 33 00 37 00 31 00 32-00 32 00 37 00 00 00     .3.7.1.2.2.7... 

0.010285 ptp_usb_getresp             (2): Reading PTP_OC 0x1001 (Get device info) response...
0.010288 gp_port_read                (3): Reading 1024 = 0x400 bytes from port...
0.010321 gp_port_read                (3): Read    12 = 0xc out of 1024 bytes from port: (hexdump of 12 bytes)
0000  0c 00 00 00 03 00 01 20-01 00 00 00              ....... ....    

0.010328 print_debug_deviceinfo      (2): Device info:
0.010330 print_debug_deviceinfo      (2): Manufacturer: RICOH IMAGING COMPANY, LTD.
0.010332 print_debug_deviceinfo      (2):   Model: PENTAX K-1 Mark II
0.010334 print_debug_deviceinfo      (2):   device version: 1.02
0.010336 print_debug_deviceinfo      (2):   serial number: '7371227'
0.010338 print_debug_deviceinfo      (2): Vendor extension ID: 0x00000006
0.010340 print_debug_deviceinfo      (2): Vendor extension version: 100
0.010342 print_debug_deviceinfo      (2): Vendor extension description: 洀椀挀爀漀猀漀昀琀⸀挀漀洀⼀䐀攀瘀椀挀攀匀攀爀瘀椀挀攀猀㨀 ㄀⸀　㬀 Ā
0.010345 print_debug_deviceinfo      (2): Functional Mode: 0x0000
0.010346 print_debug_deviceinfo      (2): PTP Standard Version: 100
0.010348 print_debug_deviceinfo      (2): Supported operations:
0.010351 print_debug_deviceinfo      (2):   0x1001 (Get device info)
0.010354 print_debug_deviceinfo      (2):   0x1002 (Open session)
0.010356 print_debug_deviceinfo      (2):   0x1003 (Close session)
0.010358 print_debug_deviceinfo      (2):   0x1004 (Get storage IDs)
0.010360 print_debug_deviceinfo      (2):   0x1005 (Get storage info)
0.010362 print_debug_deviceinfo      (2):   0x1006 (Get number of objects)
0.010365 print_debug_deviceinfo      (2):   0x1007 (Get object handles)
0.010367 print_debug_deviceinfo      (2):   0x1008 (Get object info)
0.010369 print_debug_deviceinfo      (2):   0x1009 (Get object)
0.010371 print_debug_deviceinfo      (2):   0x100a (Get thumbnail)
0.010373 print_debug_deviceinfo      (2):   0x100b (Delete object)
0.010376 print_debug_deviceinfo      (2):   0x100c (Send object info)
0.010377 print_debug_deviceinfo      (2):   0x100d (Send object)
0.010379 print_debug_deviceinfo      (2):   0x100f (Format storage)
0.010382 print_debug_deviceinfo      (2):   0x1014 (Get device property description)
0.010384 print_debug_deviceinfo      (2):   0x1015 (Get device property value)
0.010388 print_debug_deviceinfo      (2):   0x1016 (Set device property value)
0.010390 print_debug_deviceinfo      (2):   0x101b (Get partial object)
0.010395 print_debug_deviceinfo      (2):   0x9801 (Get object properties supported)
0.010397 print_debug_deviceinfo      (2):   0x9802 (Get object property description)
0.010399 print_debug_deviceinfo      (2):   0x9803 (Get object property value)
0.010400 print_debug_deviceinfo      (2):   0x9805 (Get object property list)
0.010402 print_debug_deviceinfo      (2):   0x9001 (Unknown PTP_OC)
0.010404 print_debug_deviceinfo      (2): Events Supported:
0.010406 print_debug_deviceinfo      (2):   0x4003 (ObjectRemoved)
0.010408 print_debug_deviceinfo      (2):   0x4004 (StoreAdded)
0.010410 print_debug_deviceinfo      (2):   0x4005 (StoreRemoved)
0.010412 print_debug_deviceinfo      (2):   0x4002 (ObjectAdded)
0.010414 print_debug_deviceinfo      (2):   0xc101 (Unknown Event)
0.010416 print_debug_deviceinfo      (2): Device Properties Supported:
0.010419 print_debug_deviceinfo      (2):   0x5001 (Battery Level)
0.010423 print_debug_deviceinfo      (2):   0x5011 (Date & Time)
0.010424 print_debug_deviceinfo      (2):   0xd406 (Session Initiator Info)
0.010426 print_debug_deviceinfo      (2):   0xd407 (Perceived Device Type)
0.010429 print_debug_deviceinfo      (2):   0xd303 (Unknown DPC code)
0.010433 print_debug_deviceinfo      (2): Device info:
0.010436 print_debug_deviceinfo      (2): Manufacturer: RICOH IMAGING COMPANY, LTD.
0.010439 print_debug_deviceinfo      (2):   Model: PENTAX K-1 Mark II
0.010441 print_debug_deviceinfo      (2):   device version: 1.02
0.010443 print_debug_deviceinfo      (2):   serial number: '7371227'
0.010445 print_debug_deviceinfo      (2): Vendor extension ID: 0x00000006
0.010447 print_debug_deviceinfo      (2): Vendor extension version: 100
0.010449 print_debug_deviceinfo      (2): Vendor extension description: 洀椀挀爀漀猀漀昀琀⸀挀漀洀⼀䐀攀瘀椀挀攀匀攀爀瘀椀挀攀猀㨀 ㄀⸀　㬀 Ā
0.010452 print_debug_deviceinfo      (2): Functional Mode: 0x0000
0.010454 print_debug_deviceinfo      (2): PTP Standard Version: 100
0.010456 print_debug_deviceinfo      (2): Supported operations:
0.010459 print_debug_deviceinfo      (2):   0x1001 (Get device info)
0.010461 print_debug_deviceinfo      (2):   0x1002 (Open session)
0.010466 print_debug_deviceinfo      (2):   0x1003 (Close session)
0.010468 print_debug_deviceinfo      (2):   0x1004 (Get storage IDs)
0.010471 print_debug_deviceinfo      (2):   0x1005 (Get storage info)
0.010473 print_debug_deviceinfo      (2):   0x1006 (Get number of objects)
0.010475 print_debug_deviceinfo      (2):   0x1007 (Get object handles)
0.010477 print_debug_deviceinfo      (2):   0x1008 (Get object info)
0.010479 print_debug_deviceinfo      (2):   0x1009 (Get object)
0.010481 print_debug_deviceinfo      (2):   0x100a (Get thumbnail)
0.010483 print_debug_deviceinfo      (2):   0x100b (Delete object)
0.010486 print_debug_deviceinfo      (2):   0x100c (Send object info)
0.010488 print_debug_deviceinfo      (2):   0x100d (Send object)
0.010490 print_debug_deviceinfo      (2):   0x100f (Format storage)
0.010492 print_debug_deviceinfo      (2):   0x1014 (Get device property description)
0.010495 print_debug_deviceinfo      (2):   0x1015 (Get device property value)
0.010499 print_debug_deviceinfo      (2):   0x1016 (Set device property value)
0.010501 print_debug_deviceinfo      (2):   0x101b (Get partial object)
0.010503 print_debug_deviceinfo      (2):   0x9801 (Get object properties supported)
0.010506 print_debug_deviceinfo      (2):   0x9802 (Get object property description)
0.010508 print_debug_deviceinfo      (2):   0x9803 (Get object property value)
0.010509 print_debug_deviceinfo      (2):   0x9805 (Get object property list)
0.010511 print_debug_deviceinfo      (2):   0x9001 (Unknown PTP_OC)
0.010515 print_debug_deviceinfo      (2): Events Supported:
0.010517 print_debug_deviceinfo      (2):   0x4003 (ObjectRemoved)
0.010518 print_debug_deviceinfo      (2):   0x4004 (StoreAdded)
0.010520 print_debug_deviceinfo      (2):   0x4005 (StoreRemoved)
0.010522 print_debug_deviceinfo      (2):   0x4002 (ObjectAdded)
0.010524 print_debug_deviceinfo      (2):   0xc101 (Unknown Event)
0.010526 print_debug_deviceinfo      (2): Device Properties Supported:
0.010528 print_debug_deviceinfo      (2):   0x5001 (Battery Level)
0.010531 print_debug_deviceinfo      (2):   0x5011 (Date & Time)
0.010533 print_debug_deviceinfo      (2):   0xd406 (Session Initiator Info)
0.010535 print_debug_deviceinfo      (2):   0xd407 (Perceived Device Type)
0.010537 print_debug_deviceinfo      (2):   0xd303 (Unknown DPC code)
0.010541 pentax_reconcile_reused_session(2): Pentax session was already opened; reconciling observed camera state
0.010544 gp_context_status           (2): Pentax session already open from a previous connection; observing camera state.
0.010551 ptp_usb_sendreq             (2): Sending PTP_OC 0x1015 (Get device property value) (0xd035) request...
0.010553 gp_port_write               (3): Writing 16 = 0x10 bytes to port...
0.010580 gp_port_write               (3): Wrote   16 = 0x10 bytes to port: (hexdump of 16 bytes)
0000  10 00 00 00 01 00 15 10-02 00 00 00 35 d0 00 00  ............5...

0.010584 ptp_usb_getdata             (2): Reading PTP_OC 0x1015 (Get device property value) data...
0.010587 gp_port_read                (3): Reading 1024 = 0x400 bytes from port...
0.010669 gp_port_read                (3): Read    12 = 0xc out of 1024 bytes from port: (hexdump of 12 bytes)
0000  0c 00 00 00 03 00 0a 20-02 00 00 00              ....... ....    

0.010676 ptp_usb_getresp             (2): Reading PTP_OC 0x1015 (Get device property value) response...
0.010677 ptp_usb_getpacket           (2): Returning previously buffered response packet.
0.010682 ptp_usb_getresp [usb.c:495] (0): PTP_OC 0x1015 receiving resp failed: PTP Device Prop Not Supported (0x200a)
0.010686 pentax_reconcile_reused_session [library.c:10343](0): reconciliation: could not read d035
0.010688 ptp_usb_sendreq             (2): Sending PTP_OC 0x900f (Unknown PTP_OC) request...
0.010691 gp_port_write               (3): Writing 12 = 0xc bytes to port...
0.010711 gp_port_write               (3): Wrote   12 = 0xc bytes to port: (hexdump of 12 bytes)
0000  0c 00 00 00 01 00 0f 90-03 00 00 00              ............    

0.010715 ptp_usb_getdata             (2): Reading PTP_OC 0x900f (Unknown PTP_OC) data...
0.010716 gp_port_read                (3): Reading 1024 = 0x400 bytes from port...
0.010787 gp_port_read                (3): Read    12 = 0xc out of 1024 bytes from port: (hexdump of 12 bytes)
0000  0c 00 00 00 03 00 17 20-03 00 00 00              ....... ....    

0.010792 ptp_usb_getresp             (2): Reading PTP_OC 0x900f (Unknown PTP_OC) response...
0.010793 ptp_usb_getpacket           (2): Returning previously buffered response packet.
0.010795 ptp_usb_getresp [usb.c:495] (0): PTP_OC 0x900f receiving resp failed: PTP Unknown Vendor Code (0x2017)
0.010797 pentax_reconcile_reused_session [library.c:10373](0): reconciliation: GetAllConditions unreadable; marking session recovery-required
0.010802 ptp_usb_sendreq             (2): Sending PTP_OC 0x9001 (Unknown PTP_OC) request...
0.010804 gp_port_write               (3): Writing 32 = 0x20 bytes to port...
0.010827 gp_port_write               (3): Wrote   32 = 0x20 bytes to port: (hexdump of 32 bytes)
0000  20 00 00 00 01 00 01 90-04 00 00 00 0d 00 00 00   ...............
0010  40 32 01 00 01 00 00 00-01 00 00 00 00 00 00 00  @2..............

0.010831 ptp_usb_getresp             (2): Reading PTP_OC 0x9001 (Unknown PTP_OC) response...
0.010833 gp_port_read                (3): Reading 1024 = 0x400 bytes from port...
1.541808 gp_port_read                (3): Read    20 = 0x14 out of 1024 bytes from port: (hexdump of 20 bytes)
0000  14 00 00 00 03 00 01 20-04 00 00 00 00 00 00 00  ....... ........
0010  03 00 00 00            -                         ....            

1.541837 gp_context_status           (2): Pentax init stage vendor enable succeeded; function flags 0x00000003.
1.541843 camera_init                 (2): Pentax vendor mode enabled, function flags 0x00000003
1.541848 ptp_usb_sendreq             (2): Sending PTP_OC 0x1001 (Get device info) request...
1.541851 gp_port_write               (3): Writing 12 = 0xc bytes to port...
1.541904 gp_port_write               (3): Wrote   12 = 0xc bytes to port: (hexdump of 12 bytes)
0000  0c 00 00 00 01 00 01 10-05 00 00 00              ............    

1.541912 ptp_usb_getdata             (2): Reading PTP_OC 0x1001 (Get device info) data...
1.541915 gp_port_read                (3): Reading 1024 = 0x400 bytes from port...
1.548541 gp_port_read                (3): Read    313 = 0x139 out of 1024 bytes from port: (hexdump of 313 bytes)
0000  39 01 00 00 02 00 01 10-05 00 00 00 64 00 0d 00  9...........d...
0010  00 00 64 00 11 00 70 00-65 00 6e 00 74 00 61 00  ..d...p.e.n.t.a.
0020  78 00 2e 00 6a 00 70 00-3a 00 20 00 31 00 2e 00  x...j.p.:. .1...
0030  30 00 3b 00 20 00 00 00-00 27 00 00 00 01 10 02  0.;. ....'......
0040  10 03 10 04 10 05 10 06-10 07 10 08 10 09 10 0a  ................
0050  10 0c 10 0d 10 14 10 15-10 16 10 1b 10 01 98 02  ................
0060  98 03 98 05 98 01 90 0f-90 11 90 12 90 14 90 03  ................
0070  90 04 90 06 90 07 90 08-90 02 90 13 90 09 90 0a  ................
0080  90 0b 90 0c 90 0d 90 0e-90 16 90 05 00 00 00 03  ................
0090  40 04 40 05 40 02 40 01-c1 05 00 00 00 01 50 11  @.@.@.@.......P.
00a0  50 06 d4 07 d4 03 d3 00-00 00 00 07 00 00 00 01  P...............
00b0  30 0a 30 0d 30 0d 38 01-38 00 38 00 30 1c 52 00  0.0.0.8.8.8.0.R.
00c0  49 00 43 00 4f 00 48 00-20 00 49 00 4d 00 41 00  I.C.O.H. .I.M.A.
00d0  47 00 49 00 4e 00 47 00-20 00 43 00 4f 00 4d 00  G.I.N.G. .C.O.M.
00e0  50 00 41 00 4e 00 59 00-2c 00 20 00 4c 00 54 00  P.A.N.Y.,. .L.T.
00f0  44 00 2e 00 00 00 13 50-00 45 00 4e 00 54 00 41  D......P.E.N.T.A
0100  00 58 00 20 00 4b 00 2d-00 31 00 20 00 4d 00 61  .X. .K.-.1. .M.a
0110  00 72 00 6b 00 20 00 49-00 49 00 00 00 05 31 00  .r.k. .I.I....1.
0120  2e 00 30 00 32 00 00 00-08 37 00 33 00 37 00 31  ..0.2....7.3.7.1
0130  00 32 00 32 00 37 00 00-00                       .2.2.7...       

1.548576 ptp_usb_getresp             (2): Reading PTP_OC 0x1001 (Get device info) response...
1.548581 gp_port_read                (3): Reading 1024 = 0x400 bytes from port...
1.548619 gp_port_read                (3): Read    12 = 0xc out of 1024 bytes from port: (hexdump of 12 bytes)
0000  0c 00 00 00 03 00 01 20-05 00 00 00              ....... ....    

1.548635 ptp_usb_sendreq             (2): Sending PTP_OC 0x1004 (Get storage IDs) request...
1.548639 gp_port_write               (3): Writing 12 = 0xc bytes to port...
1.548660 gp_port_write               (3): Wrote   12 = 0xc bytes to port: (hexdump of 12 bytes)
0000  0c 00 00 00 01 00 04 10-06 00 00 00              ............    

1.548671 ptp_usb_getdata             (2): Reading PTP_OC 0x1004 (Get storage IDs) data...
1.548672 gp_port_read                (3): Reading 1024 = 0x400 bytes from port...
1.549037 gp_port_read                (3): Read    32 = 0x20 out of 1024 bytes from port: (hexdump of 32 bytes)
0000  20 00 00 00 02 00 04 10-06 00 00 00 04 00 00 00   ...............
0010  01 00 01 00 00 00 02 00-01 00 03 00 01 00 04 00  ................

1.549048 ptp_usb_getresp             (2): Reading PTP_OC 0x1004 (Get storage IDs) response...
1.549050 gp_port_read                (3): Reading 1024 = 0x400 bytes from port...
1.549096 gp_port_read                (3): Read    12 = 0xc out of 1024 bytes from port: (hexdump of 12 bytes)
0000  0c 00 00 00 03 00 01 20-06 00 00 00              ....... ....    

1.549106 ptp                         (2): ptp_list_folder(storage=0x00010001, handle=0xffffffff)
1.549111 ptp_usb_sendreq             (2): Sending PTP_OC 0x1007 (Get object handles) (0x10001,0x0,0xffffffff) request...
1.549114 gp_port_write               (3): Writing 24 = 0x18 bytes to port...
1.549145 gp_port_write               (3): Wrote   24 = 0x18 bytes to port: (hexdump of 24 bytes)
0000  18 00 00 00 01 00 07 10-07 00 00 00 01 00 01 00  ................
0010  00 00 00 00 ff ff ff ff-                         ........        

1.549151 ptp_usb_getdata             (2): Reading PTP_OC 0x1007 (Get object handles) data...
1.549153 gp_port_read                (3): Reading 1024 = 0x400 bytes from port...
1.551395 gp_port_read                (3): Read    20 = 0x14 out of 1024 bytes from port: (hexdump of 20 bytes)
0000  14 00 00 00 02 00 07 10-07 00 00 00 01 00 00 00  ................
0010  00 40 00 04            -                         .@..            

1.551405 ptp_usb_getresp             (2): Reading PTP_OC 0x1007 (Get object handles) response...
1.551406 gp_port_read                (3): Reading 1024 = 0x400 bytes from port...
1.551472 gp_port_read                (3): Read    12 = 0xc out of 1024 bytes from port: (hexdump of 12 bytes)
0000  0c 00 00 00 03 00 01 20-07 00 00 00              ....... ....    

1.551478 ptp                         (2): adding new object: handle 0x04004000 (nrofobs=0,j=0)
1.551480 ptp                         (2):   storage 0x00010001
1.551485 ptp                         (2): ptp_list_folder(storage=0x00030001, handle=0xffffffff)
1.551487 ptp_usb_sendreq             (2): Sending PTP_OC 0x1007 (Get object handles) (0x30001,0x0,0xffffffff) request...
1.551489 gp_port_write               (3): Writing 24 = 0x18 bytes to port...
1.551509 gp_port_write               (3): Wrote   24 = 0x18 bytes to port: (hexdump of 24 bytes)
0000  18 00 00 00 01 00 07 10-08 00 00 00 01 00 03 00  ................
0010  00 00 00 00 ff ff ff ff-                         ........        

1.551516 ptp_usb_getdata             (2): Reading PTP_OC 0x1007 (Get object handles) data...
1.551517 gp_port_read                (3): Reading 1024 = 0x400 bytes from port...
1.551811 gp_port_read                (3): Read    20 = 0x14 out of 1024 bytes from port: (hexdump of 20 bytes)
0000  14 00 00 00 02 00 07 10-08 00 00 00 01 00 00 00  ................
0010  00 40 00 06            -                         .@..            

1.551815 ptp_usb_getresp             (2): Reading PTP_OC 0x1007 (Get object handles) response...
1.551817 gp_port_read                (3): Reading 1024 = 0x400 bytes from port...
1.553139 gp_port_read                (3): Read    12 = 0xc out of 1024 bytes from port: (hexdump of 12 bytes)
0000  0c 00 00 00 03 00 01 20-08 00 00 00              ....... ....    

1.553142 ptp                         (2): adding new object: handle 0x06004000 (nrofobs=1,j=1)
1.553143 ptp                         (2):   storage 0x00030001
1.553145 ptp                         (2): ptp_list_folder(storage=0x00040001, handle=0xffffffff)
1.553146 ptp_usb_sendreq             (2): Sending PTP_OC 0x1007 (Get object handles) (0x40001,0x0,0xffffffff) request...
1.553147 gp_port_write               (3): Writing 24 = 0x18 bytes to port...
1.553179 gp_port_write               (3): Wrote   24 = 0x18 bytes to port: (hexdump of 24 bytes)
0000  18 00 00 00 01 00 07 10-09 00 00 00 01 00 04 00  ................
0010  00 00 00 00 ff ff ff ff-                         ........        

1.553182 ptp_usb_getdata             (2): Reading PTP_OC 0x1007 (Get object handles) data...
1.553183 gp_port_read                (3): Reading 1024 = 0x400 bytes from port...
1.553464 gp_port_read                (3): Read    20 = 0x14 out of 1024 bytes from port: (hexdump of 20 bytes)
0000  14 00 00 00 02 00 07 10-09 00 00 00 01 00 00 00  ................
0010  00 40 00 07            -                         .@..            

1.553467 ptp_usb_getresp             (2): Reading PTP_OC 0x1007 (Get object handles) response...
1.553468 gp_port_read                (3): Reading 1024 = 0x400 bytes from port...
1.553534 gp_port_read                (3): Read    12 = 0xc out of 1024 bytes from port: (hexdump of 12 bytes)
0000  0c 00 00 00 03 00 01 20-09 00 00 00              ....... ....    

1.553537 ptp                         (2): adding new object: handle 0x07004000 (nrofobs=2,j=2)
1.553538 ptp                         (2):   storage 0x00040001
1.553539 camera_init                 (2): camera_init done

1.553554 gp_camera_get_single_config [gphoto2-camera.c:899](0): 'camera->functions->get_single_config ( camera, name, widget, context)' failed: -2
1.553561 _get_config                 (2): Getting function prop 'Drive Pentax old-focus near (K-1 II)' / 0x9016
1.553565 _get_config                 (2): Getting function prop 'Drive Pentax old-focus far (K-1 II)' / 0x9016
1.553567 _get_config                 (2): Getting function prop 'Drive Pentax focus near' / 0x9016
1.553568 _get_config                 (2): Getting function prop 'Drive Pentax focus far' / 0x9016
1.553571 _get_config                 (2): Getting function prop 'PTP Opcode' / 0x1001
1.553573 gp_widget_set_value         (2): Setting value of widget 'PTP Opcode' to '0x1001,0xparam1,0xparam2'...
1.553576 _get_config                 (2): Getting property 'Camera Date and Time' / 0x5011
1.553582 ptp_usb_sendreq             (2): Sending PTP_OC 0x1014 (Get device property description) (0x5011) request...
1.553584 gp_port_write               (3): Writing 16 = 0x10 bytes to port...
1.553600 gp_port_write               (3): Wrote   16 = 0x10 bytes to port: (hexdump of 16 bytes)
0000  10 00 00 00 01 00 14 10-0a 00 00 00 11 50 00 00  .............P..

1.553604 ptp_usb_getdata             (2): Reading PTP_OC 0x1014 (Get device property description) data...
1.553605 gp_port_read                (3): Reading 1024 = 0x400 bytes from port...
1.684248 gp_port_read                (3): Read    84 = 0x54 out of 1024 bytes from port: (hexdump of 84 bytes)
0000  54 00 00 00 02 00 14 10-0a 00 00 00 11 50 ff ff  T............P..
0010  01 10 32 00 30 00 31 00-38 00 30 00 31 00 30 00  ..2.0.1.8.0.1.0.
0020  31 00 54 00 30 00 30 00-30 00 30 00 30 00 30 00  1.T.0.0.0.0.0.0.
0030  00 00 10 32 00 30 00 32-00 36 00 30 00 39 00 30  ...2.0.2.6.0.9.0
0040  00 32 00 54 00 31 00 38-00 31 00 37 00 32 00 32  .2.T.1.8.1.7.2.2
0050  00 00 00 00            -                         ....            

1.684262 ptp_usb_getresp             (2): Reading PTP_OC 0x1014 (Get device property description) response...
1.684263 gp_port_read                (3): Reading 1024 = 0x400 bytes from port...
1.684326 gp_port_read                (3): Read    12 = 0xc out of 1024 bytes from port: (hexdump of 12 bytes)
0000  0c 00 00 00 03 00 01 20-0a 00 00 00              ....... ....    

1.684352 _get_config                 (2): Getting function prop 'Serial Number' / 0x1001
1.684354 gp_widget_set_value         (2): Setting value of widget 'Serial Number' to '7371227'...
1.684356 _get_config                 (2): Getting function prop 'Camera Manufacturer' / 0x1001
1.684357 gp_widget_set_value         (2): Setting value of widget 'Camera Manufacturer' to 'RICOH IMAGING COMPANY, LTD.'...
1.684358 _get_config                 (2): Getting function prop 'Camera Model' / 0x1001
1.684360 gp_widget_set_value         (2): Setting value of widget 'Camera Model' to 'PENTAX K-1 Mark II'...
1.684361 _get_config                 (2): Getting function prop 'Device Version' / 0x1001
1.684363 gp_widget_set_value         (2): Setting value of widget 'Device Version' to '1.02'...
1.684364 _get_config                 (2): Getting function prop 'Vendor Extension' / 0x1001
1.684366 gp_widget_set_value         (2): Setting value of widget 'Vendor Extension' to '瀀攀渀琀愀砀⸀樀瀀㨀 ㄀⸀　㬀 '...
1.684368 _get_config                 (2): Getting function prop 'Pentax Conditions' / 0x900f
1.684372 ptp_usb_sendreq             (2): Sending PTP_OC 0x900f (Unknown VendorExtensionID) request...
1.684374 gp_port_write               (3): Writing 12 = 0xc bytes to port...
1.684391 gp_port_write               (3): Wrote   12 = 0xc bytes to port: (hexdump of 12 bytes)
0000  0c 00 00 00 01 00 0f 90-0b 00 00 00              ............    

1.684395 ptp_usb_getdata             (2): Reading PTP_OC 0x900f (Unknown VendorExtensionID) data...
1.684396 gp_port_read                (3): Reading 1024 = 0x400 bytes from port...
1.685825 gp_port_read                (3): Read    580 = 0x244 out of 1024 bytes from port: (hexdump of 580 bytes)
0000  44 02 00 00 02 00 0f 90-0b 00 00 00 8d 00 00 00  D...............
0010  02 00 00 00 04 00 00 00-00 02 00 02 01 00 00 80  ................
0020  00 00 00 00 03 00 00 00-00 00 00 00 00 00 00 00  ................
0030  00 00 00 00 00 00 00 00-00 00 00 00 00 00 00 00  ................
0040  00 01 00 00 01 00 00 00-f4 01 00 00 14 00 00 00  ................
0050  0a 00 00 00 00 00 00 00-0a 00 00 00 00 00 00 00  ................
0060  14 00 00 00 0a 00 00 00-00 00 00 00 01 00 00 00  ................
0070  00 00 00 00 00 00 00 00-c8 00 00 00 64 00 00 00  ............d...
0080  00 64 00 00 00 00 00 00-07 00 00 00 07 00 00 00  .d..............
0090  01 00 00 00 00 00 00 00-00 00 00 00 01 00 00 00  ................
00a0  0c 00 00 00 04 00 00 00-04 00 00 00 04 00 00 00  ................
00b0  00 00 00 00 01 00 00 00-00 00 00 00 01 00 00 00  ................
00c0  00 00 00 00 08 00 00 00-00 00 00 00 02 00 00 00  ................
00d0  02 00 00 00 05 00 00 00-00 40 00 00 02 00 00 00  .........@......
00e0  00 00 00 00 01 00 00 00-07 00 00 00 00 00 00 00  ................
00f0  00 00 00 00 00 00 00 00-00 00 00 00 01 00 00 00  ................
0100  01 00 00 00 00 00 00 00-88 13 00 00 04 00 00 00  ................
0110  00 00 00 00 01 00 00 00-00 00 00 00 01 00 00 00  ................
0120  f4 01 00 00 14 00 00 00-0a 00 00 00 00 00 00 00  ................
0130  0a 00 00 00 00 00 00 00-0a 00 00 00 01 00 00 00  ................
0140  40 1f 00 00 c8 00 00 00-00 00 00 00 00 00 00 00  @...............
0150  08 00 00 00 0e 00 00 00-0a 00 00 00 a0 00 00 00  ................
0160  0a 00 00 00 02 00 00 00-00 00 00 00 fd ff ff ff  ................
0170  0a 00 00 00 00 00 00 00-00 00 00 00 50 02 00 00  ............P...
0180  df 02 00 00 c4 02 00 00-00 00 00 00 00 00 00 00  ................
0190  00 00 00 00 00 00 00 00-00 00 00 00 00 00 00 00  ................
01a0  a8 00 00 00 00 00 00 00-00 00 00 00 40 00 00 00  ............@...
01b0  88 13 00 00 64 00 00 00-f6 ff ff ff e7 ff ff ff  ....d...........
01c0  00 00 00 00 00 00 00 00-0f 00 00 00 3f 00 00 00  ............?...
01d0  00 00 00 00 ca 86 0d 00-ca 86 0d 00 02 00 00 00  ................
01e0  02 00 00 00 00 00 00 00-04 00 00 00 04 00 00 00  ................
01f0  00 00 00 00 01 00 00 00-04 00 00 00 00 00 00 00  ................
0200  00 00 00 00 0f 00 00 00-00 00 00 00 01 00 00 00  ................
0210  00 00 00 00 00 00 00 00-01 00 00 00 00 00 00 00  ................
0220  00 00 00 00 00 00 00 00-00 00 00 00 00 00 00 00  ................
0230  00 00 00 00 00 00 00 00-00 00 00 00 01 00 00 00  ................
0240  01 00 00 00            -                         ....            

1.685853 ptp_usb_getresp             (2): Reading PTP_OC 0x900f (Unknown VendorExtensionID) response...
1.685854 gp_port_read                (3): Reading 1024 = 0x400 bytes from port...
1.685911 gp_port_read                (3): Read    12 = 0xc out of 1024 bytes from port: (hexdump of 12 bytes)
0000  0c 00 00 00 03 00 01 20-0b 00 00 00              ....... ....    

1.685914 _get_Pentax_Conditions      (2): Pentax conditions response: 568 bytes
1.685920 gp_widget_set_value         (2): Setting value of widget 'Pentax Conditions' to 'state=3; astro-phase=inactive/other; exposure-mode-raw=8; user-mode-raw=0; drive-mode-raw=4; ISO=200; exposure-step=1; open-av-num=14; shooting=no; processing=no; task-changing=no; Tv-changeable=yes; bulb-timer=no; bulb-seconds=1/500; aperture=20/10; exposure-comp=0/10; astrotracer3=no; astro-shift=no; astro-movement-failed=no; astro-time-too-long=no; astro-limit=0; gps-state=0'...
1.685924 _get_config                 (2): Getting function prop 'Pentax Live View Controls' / 0x1015
1.685927 ptp_usb_sendreq             (2): Sending PTP_OC 0x1015 (Get device property value) (0xd009) request...
1.685928 gp_port_write               (3): Writing 16 = 0x10 bytes to port...
1.685951 gp_port_write               (3): Wrote   16 = 0x10 bytes to port: (hexdump of 16 bytes)
0000  10 00 00 00 01 00 15 10-0c 00 00 00 09 d0 00 00  ................

1.685954 ptp_usb_getdata             (2): Reading PTP_OC 0x1015 (Get device property value) data...
1.685955 gp_port_read                (3): Reading 1024 = 0x400 bytes from port...
1.787522 gp_port_read                (3): Read    32 = 0x20 out of 1024 bytes from port: (hexdump of 32 bytes)
0000  20 00 00 00 02 00 15 10-0c 00 00 00 08 00 00 00   ...............
0010  d0 02 e0 01 d0 02 e0 01-40 02 40 01 30 00 30 00  ........@.@.0.0.

1.787543 ptp_usb_getresp             (2): Reading PTP_OC 0x1015 (Get device property value) response...
1.787545 gp_port_read                (3): Reading 1024 = 0x400 bytes from port...
1.787595 gp_port_read                (3): Read    12 = 0xc out of 1024 bytes from port: (hexdump of 12 bytes)
0000  0c 00 00 00 03 00 01 20-0c 00 00 00              ....... ....    

1.787610 ptp_usb_sendreq             (2): Sending PTP_OC 0x1015 (Get device property value) (0xd036) request...
1.787612 gp_port_write               (3): Writing 16 = 0x10 bytes to port...
1.787635 gp_port_write               (3): Wrote   16 = 0x10 bytes to port: (hexdump of 16 bytes)
0000  10 00 00 00 01 00 15 10-0d 00 00 00 36 d0 00 00  ............6...

1.787640 ptp_usb_getdata             (2): Reading PTP_OC 0x1015 (Get device property value) data...
1.787641 gp_port_read                (3): Reading 1024 = 0x400 bytes from port...
1.888548 gp_port_read                (3): Read    20 = 0x14 out of 1024 bytes from port: (hexdump of 20 bytes)
0000  14 00 00 00 02 00 15 10-0d 00 00 00 02 00 00 00  ................
0010  68 01 f0 00            -                         h...            

1.888580 ptp_usb_getresp             (2): Reading PTP_OC 0x1015 (Get device property value) response...
1.888584 gp_port_read                (3): Reading 1024 = 0x400 bytes from port...
1.888618 gp_port_read                (3): Read    12 = 0xc out of 1024 bytes from port: (hexdump of 12 bytes)
0000  0c 00 00 00 03 00 01 20-0d 00 00 00              ....... ....    

1.888628 ptp_usb_sendreq             (2): Sending PTP_OC 0x1015 (Get device property value) (0xd037) request...
1.888632 gp_port_write               (3): Writing 16 = 0x10 bytes to port...
1.888657 gp_port_write               (3): Wrote   16 = 0x10 bytes to port: (hexdump of 16 bytes)
0000  10 00 00 00 01 00 15 10-0e 00 00 00 37 d0 00 00  ............7...

1.888663 ptp_usb_getdata             (2): Reading PTP_OC 0x1015 (Get device property value) data...
1.888665 gp_port_read                (3): Reading 1024 = 0x400 bytes from port...
1.990165 gp_port_read                (3): Read    22 = 0x16 out of 1024 bytes from port: (hexdump of 22 bytes)
0000  16 00 00 00 02 00 15 10-0e 00 00 00 04 00 00 00  ................
0010  68 01 f0 00 01 00      -                         h.....          

1.990183 ptp_usb_getresp             (2): Reading PTP_OC 0x1015 (Get device property value) response...
1.990185 gp_port_read                (3): Reading 1024 = 0x400 bytes from port...
1.990328 gp_port_read                (3): Read    12 = 0xc out of 1024 bytes from port: (hexdump of 12 bytes)
0000  0c 00 00 00 03 00 01 20-0e 00 00 00              ....... ....    

1.990343 gp_widget_set_value         (2): Setting value of widget 'Pentax Live View Controls' to 'area=720x480; active=720x480; caf-active=576x320; caf-spot=48x48; af-position=360,240; af-response-bytes=8; zoom-raw=1'...
1.990348 _get_config                 (2): Getting function prop 'Pentax Shutter/Bulb Descriptor' / 0x1014
1.990355 ptp_usb_sendreq             (2): Sending PTP_OC 0x1014 (Get device property description) (0xd00f) request...
1.990358 gp_port_write               (3): Writing 16 = 0x10 bytes to port...
1.990383 gp_port_write               (3): Wrote   16 = 0x10 bytes to port: (hexdump of 16 bytes)
0000  10 00 00 00 01 00 14 10-0f 00 00 00 0f d0 00 00  ................

1.990389 ptp_usb_getdata             (2): Reading PTP_OC 0x1014 (Get device property description) data...
1.990391 gp_port_read                (3): Reading 1024 = 0x400 bytes from port...
2.128502 gp_port_read                (3): Read    484 = 0x1e4 out of 1024 bytes from port: (hexdump of 484 bytes)
0000  e4 01 00 00 02 00 14 10-0f 00 00 00 0f d0 08 00  ................
0010  01 00 00 00 00 00 00 00-00 01 00 00 00 f4 01 00  ................
0020  00 02 38 00 1e 00 00 00-01 00 00 00 19 00 00 00  ..8.............
0030  01 00 00 00 14 00 00 00-01 00 00 00 0f 00 00 00  ................
0040  01 00 00 00 0d 00 00 00-01 00 00 00 0a 00 00 00  ................
0050  01 00 00 00 08 00 00 00-01 00 00 00 06 00 00 00  ................
0060  01 00 00 00 05 00 00 00-01 00 00 00 04 00 00 00  ................
0070  01 00 00 00 03 00 00 00-01 00 00 00 19 00 00 00  ................
0080  0a 00 00 00 02 00 00 00-01 00 00 00 10 00 00 00  ................
0090  0a 00 00 00 0d 00 00 00-0a 00 00 00 01 00 00 00  ................
00a0  01 00 00 00 08 00 00 00-0a 00 00 00 06 00 00 00  ................
00b0  0a 00 00 00 05 00 00 00-0a 00 00 00 04 00 00 00  ................
00c0  0a 00 00 00 03 00 00 00-0a 00 00 00 01 00 00 00  ................
00d0  04 00 00 00 01 00 00 00-05 00 00 00 01 00 00 00  ................
00e0  06 00 00 00 01 00 00 00-08 00 00 00 01 00 00 00  ................
00f0  0a 00 00 00 01 00 00 00-0d 00 00 00 01 00 00 00  ................
0100  0f 00 00 00 01 00 00 00-14 00 00 00 01 00 00 00  ................
0110  19 00 00 00 01 00 00 00-1e 00 00 00 01 00 00 00  ................
0120  28 00 00 00 01 00 00 00-32 00 00 00 01 00 00 00  (.......2.......
0130  3c 00 00 00 01 00 00 00-50 00 00 00 01 00 00 00  <.......P.......
0140  64 00 00 00 01 00 00 00-7d 00 00 00 01 00 00 00  d.......}.......
0150  a0 00 00 00 01 00 00 00-c8 00 00 00 01 00 00 00  ................
0160  fa 00 00 00 01 00 00 00-40 01 00 00 01 00 00 00  ........@.......
0170  90 01 00 00 01 00 00 00-f4 01 00 00 01 00 00 00  ................
0180  80 02 00 00 01 00 00 00-20 03 00 00 01 00 00 00  ........ .......
0190  e8 03 00 00 01 00 00 00-e2 04 00 00 01 00 00 00  ................
01a0  40 06 00 00 01 00 00 00-d0 07 00 00 01 00 00 00  @...............
01b0  c4 09 00 00 01 00 00 00-80 0c 00 00 01 00 00 00  ................
01c0  a0 0f 00 00 01 00 00 00-88 13 00 00 01 00 00 00  ................
01d0  00 19 00 00 01 00 00 00-40 1f 00 00 00 00 00 00  ........@.......
01e0  01 00 00 00            -                         ....            

2.128538 ptp_usb_getresp             (2): Reading PTP_OC 0x1014 (Get device property description) response...
2.128540 gp_port_read                (3): Reading 1024 = 0x400 bytes from port...
2.128582 gp_port_read                (3): Read    12 = 0xc out of 1024 bytes from port: (hexdump of 12 bytes)
0000  0c 00 00 00 03 00 01 20-0f 00 00 00              ....... ....    

2.128591 ptp_usb_sendreq             (2): Sending PTP_OC 0x1015 (Get device property value) (0xd00f) request...
2.128596 gp_port_write               (3): Writing 16 = 0x10 bytes to port...
2.128626 gp_port_write               (3): Wrote   16 = 0x10 bytes to port: (hexdump of 16 bytes)
0000  10 00 00 00 01 00 15 10-10 00 00 00 0f d0 00 00  ................

2.128631 ptp_usb_getdata             (2): Reading PTP_OC 0x1015 (Get device property value) data...
2.128633 gp_port_read                (3): Reading 1024 = 0x400 bytes from port...
2.311503 gp_port_read                (3): Read    20 = 0x14 out of 1024 bytes from port: (hexdump of 20 bytes)
0000  14 00 00 00 02 00 15 10-10 00 00 00 01 00 00 00  ................
0010  f4 01 00 00            -                         ....            

2.311514 ptp_usb_getresp             (2): Reading PTP_OC 0x1015 (Get device property value) response...
2.311515 gp_port_read                (3): Reading 1024 = 0x400 bytes from port...
2.311690 gp_port_read                (3): Read    12 = 0xc out of 1024 bytes from port: (hexdump of 12 bytes)
0000  0c 00 00 00 03 00 01 20-10 00 00 00              ....... ....    

2.311700 gp_widget_set_value         (2): Setting value of widget 'Pentax Shutter/Bulb Descriptor' to 'code=0xd00f; datatype=0x0008; getset=1; form=2; enum-count=56; value-bytes=8; value-hex=01000000f4010000'...
2.311703 _get_config                 (2): Getting function prop 'Pentax Aperture Descriptor' / 0x1014
2.311709 ptp_usb_sendreq             (2): Sending PTP_OC 0x1014 (Get device property description) (0x5007) request...
2.311710 gp_port_write               (3): Writing 16 = 0x10 bytes to port...
2.311739 gp_port_write               (3): Wrote   16 = 0x10 bytes to port: (hexdump of 16 bytes)
0000  10 00 00 00 01 00 14 10-11 00 00 00 07 50 00 00  .............P..

2.311743 ptp_usb_getdata             (2): Reading PTP_OC 0x1014 (Get device property description) data...
2.311745 gp_port_read                (3): Reading 1024 = 0x400 bytes from port...
2.415044 gp_port_read                (3): Read    68 = 0x44 out of 1024 bytes from port: (hexdump of 68 bytes)
0000  44 00 00 00 02 00 14 10-11 00 00 00 07 50 04 00  D............P..
0010  01 00 00 c8 00 02 16 00-8c 00 a0 00 b4 00 c8 00  ................
0020  dc 00 fa 00 18 01 40 01-5e 01 90 01 c2 01 f4 01  ......@.^.......
0030  30 02 76 02 c6 02 20 03-84 03 e8 03 4c 04 14 05  0.v... .....L...
0040  78 05 40 06            -                         x.@.            

2.415057 ptp_usb_getresp             (2): Reading PTP_OC 0x1014 (Get device property description) response...
2.415059 gp_port_read                (3): Reading 1024 = 0x400 bytes from port...
2.415124 gp_port_read                (3): Read    12 = 0xc out of 1024 bytes from port: (hexdump of 12 bytes)
0000  0c 00 00 00 03 00 01 20-11 00 00 00              ....... ....    

2.415130 ptp_usb_sendreq             (2): Sending PTP_OC 0x1015 (Get device property value) (0x5007) request...
2.415132 gp_port_write               (3): Writing 16 = 0x10 bytes to port...
2.415170 gp_port_write               (3): Wrote   16 = 0x10 bytes to port: (hexdump of 16 bytes)
0000  10 00 00 00 01 00 15 10-12 00 00 00 07 50 00 00  .............P..

2.415175 ptp_usb_getdata             (2): Reading PTP_OC 0x1015 (Get device property value) data...
2.415177 gp_port_read                (3): Reading 1024 = 0x400 bytes from port...
2.577838 gp_port_read                (3): Read    14 = 0xe out of 1024 bytes from port: (hexdump of 14 bytes)
0000  0e 00 00 00 02 00 15 10-12 00 00 00 c8 00        ..............  

2.577851 ptp_usb_getresp             (2): Reading PTP_OC 0x1015 (Get device property value) response...
2.577853 gp_port_read                (3): Reading 1024 = 0x400 bytes from port...
2.577987 gp_port_read                (3): Read    12 = 0xc out of 1024 bytes from port: (hexdump of 12 bytes)
0000  0c 00 00 00 03 00 01 20-12 00 00 00              ....... ....    

2.577996 gp_widget_set_value         (2): Setting value of widget 'Pentax Aperture Descriptor' to 'code=0x5007; datatype=0x0004; getset=1; form=2; enum-count=22; value-bytes=2; value-hex=c800'...
2.577999 _get_config                 (2): Getting function prop 'Pentax ISO Descriptor' / 0x1014
2.578004 ptp_usb_sendreq             (2): Sending PTP_OC 0x1014 (Get device property description) (0xd01e) request...
2.578005 gp_port_write               (3): Writing 16 = 0x10 bytes to port...
2.578029 gp_port_write               (3): Wrote   16 = 0x10 bytes to port: (hexdump of 16 bytes)
0000  10 00 00 00 01 00 14 10-13 00 00 00 1e d0 00 00  ................

2.578034 ptp_usb_getdata             (2): Reading PTP_OC 0x1014 (Get device property description) data...
2.578036 gp_port_read                (3): Reading 1024 = 0x400 bytes from port...
2.713015 gp_port_read                (3): Read    76 = 0x4c out of 1024 bytes from port: (hexdump of 76 bytes)
0000  4c 00 00 00 02 00 14 10-13 00 00 00 1e d0 06 00  L...............
0010  01 00 00 00 00 c8 00 00-00 02 0c 00 64 00 00 00  ............d...
0020  c8 00 00 00 90 01 00 00-20 03 00 00 40 06 00 00  ........ ...@...
0030  80 0c 00 00 00 19 00 00-00 32 00 00 00 64 00 00  .........2...d..
0040  00 c8 00 00 00 90 01 00-00 20 03 00              ......... ..    

2.713028 ptp_usb_getresp             (2): Reading PTP_OC 0x1014 (Get device property description) response...
2.713029 gp_port_read                (3): Reading 1024 = 0x400 bytes from port...
2.713109 gp_port_read                (3): Read    12 = 0xc out of 1024 bytes from port: (hexdump of 12 bytes)
0000  0c 00 00 00 03 00 01 20-13 00 00 00              ....... ....    

2.713116 ptp_usb_sendreq             (2): Sending PTP_OC 0x1015 (Get device property value) (0xd01e) request...
2.713118 gp_port_write               (3): Writing 16 = 0x10 bytes to port...
2.713139 gp_port_write               (3): Wrote   16 = 0x10 bytes to port: (hexdump of 16 bytes)
0000  10 00 00 00 01 00 15 10-14 00 00 00 1e d0 00 00  ................

2.713144 ptp_usb_getdata             (2): Reading PTP_OC 0x1015 (Get device property value) data...
2.713146 gp_port_read                (3): Reading 1024 = 0x400 bytes from port...
2.837618 gp_port_read                (3): Read    16 = 0x10 out of 1024 bytes from port: (hexdump of 16 bytes)
0000  10 00 00 00 02 00 15 10-14 00 00 00 c8 00 00 00  ................

2.837628 ptp_usb_getresp             (2): Reading PTP_OC 0x1015 (Get device property value) response...
2.837630 gp_port_read                (3): Reading 1024 = 0x400 bytes from port...
2.837707 gp_port_read                (3): Read    12 = 0xc out of 1024 bytes from port: (hexdump of 12 bytes)
0000  0c 00 00 00 03 00 01 20-14 00 00 00              ....... ....    

2.837714 gp_widget_set_value         (2): Setting value of widget 'Pentax ISO Descriptor' to 'code=0xd01e; datatype=0x0006; getset=1; form=2; enum-count=12; value-bytes=4; value-hex=c8000000'...
2.837717 _get_config                 (2): Getting function prop 'Pentax Exposure Compensation Descriptor' / 0x1014
2.837721 ptp_usb_sendreq             (2): Sending PTP_OC 0x1014 (Get device property description) (0x5010) request...
2.837726 gp_port_write               (3): Writing 16 = 0x10 bytes to port...
2.837760 gp_port_write               (3): Wrote   16 = 0x10 bytes to port: (hexdump of 16 bytes)
0000  10 00 00 00 01 00 14 10-15 00 00 00 10 50 00 00  .............P..

2.837765 ptp_usb_getdata             (2): Reading PTP_OC 0x1014 (Get device property description) data...
2.837767 gp_port_read                (3): Reading 1024 = 0x400 bytes from port...
2.950221 gp_port_read                (3): Read    86 = 0x56 out of 1024 bytes from port: (hexdump of 86 bytes)
0000  56 00 00 00 02 00 14 10-15 00 00 00 10 50 03 00  V............P..
0010  01 00 00 00 00 02 1f 00-88 13 5c 12 cc 10 a0 0f  ..........\.....
0020  74 0e e4 0c b8 0b 8c 0a-fc 08 d0 07 a4 06 14 05  t...............
0030  e8 03 bc 02 2c 01 00 00-d4 fe 44 fd 18 fc ec fa  ....,.....D.....
0040  5c f9 30 f8 04 f7 74 f5-48 f4 1c f3 8c f1 60 f0  \.0...t.H.....`.
0050  34 ef a4 ed 78 ec      -                         4...x.          

2.950247 ptp_usb_getresp             (2): Reading PTP_OC 0x1014 (Get device property description) response...
2.950249 gp_port_read                (3): Reading 1024 = 0x400 bytes from port...
2.950287 gp_port_read                (3): Read    12 = 0xc out of 1024 bytes from port: (hexdump of 12 bytes)
0000  0c 00 00 00 03 00 01 20-15 00 00 00              ....... ....    

2.950299 ptp_usb_sendreq             (2): Sending PTP_OC 0x1015 (Get device property value) (0x5010) request...
2.950302 gp_port_write               (3): Writing 16 = 0x10 bytes to port...
2.950326 gp_port_write               (3): Wrote   16 = 0x10 bytes to port: (hexdump of 16 bytes)
0000  10 00 00 00 01 00 15 10-16 00 00 00 10 50 00 00  .............P..

2.950333 ptp_usb_getdata             (2): Reading PTP_OC 0x1015 (Get device property value) data...
2.950335 gp_port_read                (3): Reading 1024 = 0x400 bytes from port...
3.065000 gp_port_read                (3): Read    14 = 0xe out of 1024 bytes from port: (hexdump of 14 bytes)
0000  0e 00 00 00 02 00 15 10-16 00 00 00 00 00        ..............  

3.065026 ptp_usb_getresp             (2): Reading PTP_OC 0x1015 (Get device property value) response...
3.065028 gp_port_read                (3): Reading 1024 = 0x400 bytes from port...
3.065067 gp_port_read                (3): Read    12 = 0xc out of 1024 bytes from port: (hexdump of 12 bytes)
0000  0c 00 00 00 03 00 01 20-16 00 00 00              ....... ....    

3.065075 gp_widget_set_value         (2): Setting value of widget 'Pentax Exposure Compensation Descriptor' to 'code=0x5010; datatype=0x0003; getset=1; form=2; enum-count=31; value-bytes=2; value-hex=0000'...
3.065080 _get_config                 (2): Getting function prop 'Pentax Focal Length Descriptor' / 0x1014
3.065087 ptp_usb_sendreq             (2): Sending PTP_OC 0x1014 (Get device property description) (0x5008) request...
3.065089 gp_port_write               (3): Writing 16 = 0x10 bytes to port...
3.065106 gp_port_write               (3): Wrote   16 = 0x10 bytes to port: (hexdump of 16 bytes)
0000  10 00 00 00 01 00 14 10-17 00 00 00 08 50 00 00  .............P..

3.065110 ptp_usb_getdata             (2): Reading PTP_OC 0x1014 (Get device property description) data...
3.065111 gp_port_read                (3): Reading 1024 = 0x400 bytes from port...
3.248468 gp_port_read                (3): Read    26 = 0x1a out of 1024 bytes from port: (hexdump of 26 bytes)
0000  1a 00 00 00 02 00 14 10-17 00 00 00 08 50 06 00  .............P..
0010  00 00 00 00 00 88 13 00-00 00                    ..........      

3.248493 ptp_usb_getresp             (2): Reading PTP_OC 0x1014 (Get device property description) response...
3.248497 gp_port_read                (3): Reading 1024 = 0x400 bytes from port...
3.248558 gp_port_read                (3): Read    12 = 0xc out of 1024 bytes from port: (hexdump of 12 bytes)
0000  0c 00 00 00 03 00 01 20-17 00 00 00              ....... ....    

3.248569 ptp_usb_sendreq             (2): Sending PTP_OC 0x1015 (Get device property value) (0x5008) request...
3.248579 gp_port_write               (3): Writing 16 = 0x10 bytes to port...
3.248605 gp_port_write               (3): Wrote   16 = 0x10 bytes to port: (hexdump of 16 bytes)
0000  10 00 00 00 01 00 15 10-18 00 00 00 08 50 00 00  .............P..

3.248612 ptp_usb_getdata             (2): Reading PTP_OC 0x1015 (Get device property value) data...
3.248614 gp_port_read                (3): Reading 1024 = 0x400 bytes from port...
3.349574 gp_port_read                (3): Read    16 = 0x10 out of 1024 bytes from port: (hexdump of 16 bytes)
0000  10 00 00 00 02 00 15 10-18 00 00 00 88 13 00 00  ................

3.349587 ptp_usb_getresp             (2): Reading PTP_OC 0x1015 (Get device property value) response...
3.349590 gp_port_read                (3): Reading 1024 = 0x400 bytes from port...
3.349660 gp_port_read                (3): Read    12 = 0xc out of 1024 bytes from port: (hexdump of 12 bytes)
0000  0c 00 00 00 03 00 01 20-18 00 00 00              ....... ....    

3.349668 gp_widget_set_value         (2): Setting value of widget 'Pentax Focal Length Descriptor' to 'code=0x5008; datatype=0x0006; getset=0; form=0; enum-count=0; value-bytes=4; value-hex=88130000'...
3.349675 _get_config                 (2): Getting function prop 'Pentax White Balance Descriptor' / 0x1014
3.349683 ptp_usb_sendreq             (2): Sending PTP_OC 0x1014 (Get device property description) (0x5005) request...
3.349686 gp_port_write               (3): Writing 16 = 0x10 bytes to port...
3.349707 gp_port_write               (3): Wrote   16 = 0x10 bytes to port: (hexdump of 16 bytes)
0000  10 00 00 00 01 00 14 10-19 00 00 00 05 50 00 00  .............P..

3.349712 ptp_usb_getdata             (2): Reading PTP_OC 0x1014 (Get device property description) data...
3.349715 gp_port_read                (3): Reading 1024 = 0x400 bytes from port...
3.539854 gp_port_read                (3): Read    60 = 0x3c out of 1024 bytes from port: (hexdump of 60 bytes)
0000  3c 00 00 00 02 00 14 10-19 00 00 00 05 50 04 00  <............P..
0010  01 00 00 02 00 02 12 00-02 00 04 00 06 00 07 00  ................
0020  02 80 03 80 04 80 05 80-06 80 07 80 08 80 09 80  ................
0030  0a 80 0b 80 0c 80 0d 80-0e 80 0f 80              ............    

3.539877 ptp_usb_getresp             (2): Reading PTP_OC 0x1014 (Get device property description) response...
3.539879 gp_port_read                (3): Reading 1024 = 0x400 bytes from port...
3.539941 gp_port_read                (3): Read    12 = 0xc out of 1024 bytes from port: (hexdump of 12 bytes)
0000  0c 00 00 00 03 00 01 20-19 00 00 00              ....... ....    

3.539949 ptp_usb_sendreq             (2): Sending PTP_OC 0x1015 (Get device property value) (0x5005) request...
3.539951 gp_port_write               (3): Writing 16 = 0x10 bytes to port...
3.539975 gp_port_write               (3): Wrote   16 = 0x10 bytes to port: (hexdump of 16 bytes)
0000  10 00 00 00 01 00 15 10-1a 00 00 00 05 50 00 00  .............P..

3.539980 ptp_usb_getdata             (2): Reading PTP_OC 0x1015 (Get device property value) data...
3.539982 gp_port_read                (3): Reading 1024 = 0x400 bytes from port...
3.718094 gp_port_read                (3): Read    14 = 0xe out of 1024 bytes from port: (hexdump of 14 bytes)
0000  0e 00 00 00 02 00 15 10-1a 00 00 00 02 00        ..............  

3.718114 ptp_usb_getresp             (2): Reading PTP_OC 0x1015 (Get device property value) response...
3.718117 gp_port_read                (3): Reading 1024 = 0x400 bytes from port...
3.718487 gp_port_read                (3): Read    12 = 0xc out of 1024 bytes from port: (hexdump of 12 bytes)
0000  0c 00 00 00 03 00 01 20-1a 00 00 00              ....... ....    

3.718496 gp_widget_set_value         (2): Setting value of widget 'Pentax White Balance Descriptor' to 'code=0x5005; datatype=0x0004; getset=1; form=2; enum-count=18; value-bytes=2; value-hex=0200'...
3.718499 _get_config                 (2): Getting function prop 'Pentax Drive Mode Descriptor' / 0x1014
3.718505 ptp_usb_sendreq             (2): Sending PTP_OC 0x1014 (Get device property description) (0xd013) request...
3.718512 gp_port_write               (3): Writing 16 = 0x10 bytes to port...
3.718540 gp_port_write               (3): Wrote   16 = 0x10 bytes to port: (hexdump of 16 bytes)
0000  10 00 00 00 01 00 14 10-1b 00 00 00 13 d0 00 00  ................

3.718545 ptp_usb_getdata             (2): Reading PTP_OC 0x1014 (Get device property description) data...
3.718547 gp_port_read                (3): Reading 1024 = 0x400 bytes from port...
3.883790 gp_port_read                (3): Read    120 = 0x78 out of 1024 bytes from port: (hexdump of 120 bytes)
0000  78 00 00 00 02 00 14 10-1b 00 00 00 13 d0 06 00  x...............
0010  01 00 00 00 00 01 00 00-00 02 17 00 00 00 00 00  ................
0020  01 00 00 00 02 00 00 00-03 00 00 00 04 00 00 00  ................
0030  05 00 00 00 06 00 00 00-07 00 00 00 08 00 00 00  ................
0040  09 00 00 00 0a 00 00 00-0b 00 00 00 0c 00 00 00  ................
0050  0d 00 00 00 0e 00 00 00-0f 00 00 00 10 00 00 00  ................
0060  11 00 00 00 12 00 00 00-13 00 00 00 14 00 00 00  ................
0070  15 00 00 00 16 00 00 00-                         ........        

3.883815 ptp_usb_getresp             (2): Reading PTP_OC 0x1014 (Get device property description) response...
3.883817 gp_port_read                (3): Reading 1024 = 0x400 bytes from port...
3.883875 gp_port_read                (3): Read    12 = 0xc out of 1024 bytes from port: (hexdump of 12 bytes)
0000  0c 00 00 00 03 00 01 20-1b 00 00 00              ....... ....    

3.883884 ptp_usb_sendreq             (2): Sending PTP_OC 0x1015 (Get device property value) (0xd013) request...
3.883885 gp_port_write               (3): Writing 16 = 0x10 bytes to port...
3.883907 gp_port_write               (3): Wrote   16 = 0x10 bytes to port: (hexdump of 16 bytes)
0000  10 00 00 00 01 00 15 10-1c 00 00 00 13 d0 00 00  ................

3.883917 ptp_usb_getdata             (2): Reading PTP_OC 0x1015 (Get device property value) data...
3.883919 gp_port_read                (3): Reading 1024 = 0x400 bytes from port...
4.067165 gp_port_read                (3): Read    16 = 0x10 out of 1024 bytes from port: (hexdump of 16 bytes)
0000  10 00 00 00 02 00 15 10-1c 00 00 00 01 00 00 00  ................

4.067186 ptp_usb_getresp             (2): Reading PTP_OC 0x1015 (Get device property value) response...
4.067188 gp_port_read                (3): Reading 1024 = 0x400 bytes from port...
4.067245 gp_port_read                (3): Read    12 = 0xc out of 1024 bytes from port: (hexdump of 12 bytes)
0000  0c 00 00 00 03 00 01 20-1c 00 00 00              ....... ....    

4.067251 gp_widget_set_value         (2): Setting value of widget 'Pentax Drive Mode Descriptor' to 'code=0xd013; datatype=0x0006; getset=1; form=2; enum-count=23; value-bytes=4; value-hex=01000000'...
4.067255 _get_config                 (2): Getting function prop 'Pentax Focus Peaking Descriptor' / 0x1014
4.067261 ptp_usb_sendreq             (2): Sending PTP_OC 0x1014 (Get device property description) (0xd02b) request...
4.067264 gp_port_write               (3): Writing 16 = 0x10 bytes to port...
4.067291 gp_port_write               (3): Wrote   16 = 0x10 bytes to port: (hexdump of 16 bytes)
0000  10 00 00 00 01 00 14 10-1d 00 00 00 2b d0 00 00  ............+...

4.067296 ptp_usb_getdata             (2): Reading PTP_OC 0x1014 (Get device property description) data...
4.067297 gp_port_read                (3): Reading 1024 = 0x400 bytes from port...
4.175950 gp_port_read                (3): Read    28 = 0x1c out of 1024 bytes from port: (hexdump of 28 bytes)
0000  1c 00 00 00 02 00 14 10-1d 00 00 00 2b d0 04 40  ............+..@
0010  01 00 00 02 02 00 00 00-00 02 17 00              ............    

4.175969 ptp_usb_getresp             (2): Reading PTP_OC 0x1014 (Get device property description) response...
4.175972 gp_port_read                (3): Reading 1024 = 0x400 bytes from port...
4.176120 gp_port_read                (3): Read    12 = 0xc out of 1024 bytes from port: (hexdump of 12 bytes)
0000  0c 00 00 00 03 00 01 20-1d 00 00 00              ....... ....    

4.176134 ptp                         (2): failed to unpack DPD of propcode 0xd02b, likely corrupted?
4.176142 ptp_usb_sendreq             (2): Sending PTP_OC 0x1014 (Get device property description) (0xd02b) request...
4.176144 gp_port_write               (3): Writing 16 = 0x10 bytes to port...
4.176171 gp_port_write               (3): Wrote   16 = 0x10 bytes to port: (hexdump of 16 bytes)
0000  10 00 00 00 01 00 14 10-1e 00 00 00 2b d0 00 00  ............+...

4.176176 ptp_usb_getdata             (2): Reading PTP_OC 0x1014 (Get device property description) data...
4.176178 gp_port_read                (3): Reading 1024 = 0x400 bytes from port...
4.284105 gp_port_read                (3): Read    28 = 0x1c out of 1024 bytes from port: (hexdump of 28 bytes)
0000  1c 00 00 00 02 00 14 10-1e 00 00 00 2b d0 04 40  ............+..@
0010  01 00 00 02 02 00 00 00-40 02 40 01              ........@.@.    

4.284127 ptp_usb_getresp             (2): Reading PTP_OC 0x1014 (Get device property description) response...
4.284130 gp_port_read                (3): Reading 1024 = 0x400 bytes from port...
4.284171 gp_port_read                (3): Read    12 = 0xc out of 1024 bytes from port: (hexdump of 12 bytes)
0000  0c 00 00 00 03 00 01 20-1e 00 00 00              ....... ....    

4.284178 ptp_usb_sendreq             (2): Sending PTP_OC 0x1015 (Get device property value) (0xd02b) request...
4.284180 gp_port_write               (3): Writing 16 = 0x10 bytes to port...
4.284209 gp_port_write               (3): Wrote   16 = 0x10 bytes to port: (hexdump of 16 bytes)
0000  10 00 00 00 01 00 15 10-1f 00 00 00 2b d0 00 00  ............+...

4.284214 ptp_usb_getdata             (2): Reading PTP_OC 0x1015 (Get device property value) data...
4.284215 gp_port_read                (3): Reading 1024 = 0x400 bytes from port...
4.385419 gp_port_read                (3): Read    16 = 0x10 out of 1024 bytes from port: (hexdump of 16 bytes)
0000  10 00 00 00 02 00 15 10-1f 00 00 00 00 d0 04 40  ...............@

4.385445 ptp_usb_getresp             (2): Reading PTP_OC 0x1015 (Get device property value) response...
4.385447 gp_port_read                (3): Reading 1024 = 0x400 bytes from port...
4.385500 gp_port_read                (3): Read    12 = 0xc out of 1024 bytes from port: (hexdump of 12 bytes)
0000  0c 00 00 00 03 00 01 20-1f 00 00 00              ....... ....    

4.385508 gp_widget_set_value         (2): Setting value of widget 'Pentax Focus Peaking Descriptor' to 'code=0xd02b; descriptor-parse=failed; descriptor-bytes=16; descriptor-hex=2bd00440010000020200000040024001; value-bytes=4; value-hex=00d00440'...
4.385512 _get_config                 (2): Getting function prop 'Pentax PC Live View Descriptor' / 0x1014
4.385519 ptp_usb_sendreq             (2): Sending PTP_OC 0x1014 (Get device property description) (0xd035) request...
4.385521 gp_port_write               (3): Writing 16 = 0x10 bytes to port...
4.385543 gp_port_write               (3): Wrote   16 = 0x10 bytes to port: (hexdump of 16 bytes)
0000  10 00 00 00 01 00 14 10-20 00 00 00 35 d0 00 00  ........ ...5...

4.385548 ptp_usb_getdata             (2): Reading PTP_OC 0x1014 (Get device property description) data...
4.385550 gp_port_read                (3): Reading 1024 = 0x400 bytes from port...
4.511218 gp_port_read                (3): Read    18 = 0x12 out of 1024 bytes from port: (hexdump of 18 bytes)
0000  12 00 00 00 02 00 14 10-20 00 00 00 35 d0 00 00  ........ ...5...
0010  00 00                  -                         ..              

4.511238 ptp_usb_getresp             (2): Reading PTP_OC 0x1014 (Get device property description) response...
4.511241 gp_port_read                (3): Reading 1024 = 0x400 bytes from port...
4.511372 gp_port_read                (3): Read    12 = 0xc out of 1024 bytes from port: (hexdump of 12 bytes)
0000  0c 00 00 00 03 00 01 20-20 00 00 00              .......  ...    

4.511381 ptp                         (2): failed to unpack DPD of propcode 0xd035, likely corrupted?
4.511385 ptp_usb_sendreq             (2): Sending PTP_OC 0x1014 (Get device property description) (0xd035) request...
4.511404 gp_port_write               (3): Writing 16 = 0x10 bytes to port...
4.511427 gp_port_write               (3): Wrote   16 = 0x10 bytes to port: (hexdump of 16 bytes)
0000  10 00 00 00 01 00 14 10-21 00 00 00 35 d0 00 00  ........!...5...

4.511432 ptp_usb_getdata             (2): Reading PTP_OC 0x1014 (Get device property description) data...
4.511434 gp_port_read                (3): Reading 1024 = 0x400 bytes from port...
4.634666 gp_port_read                (3): Read    18 = 0x12 out of 1024 bytes from port: (hexdump of 18 bytes)
0000  12 00 00 00 02 00 14 10-21 00 00 00 35 d0 00 00  ........!...5...
0010  00 00                  -                         ..              

4.634687 ptp_usb_getresp             (2): Reading PTP_OC 0x1014 (Get device property description) response...
4.634690 gp_port_read                (3): Reading 1024 = 0x400 bytes from port...
4.634752 gp_port_read                (3): Read    12 = 0xc out of 1024 bytes from port: (hexdump of 12 bytes)
0000  0c 00 00 00 03 00 01 20-21 00 00 00              ....... !...    

4.634759 ptp_usb_sendreq             (2): Sending PTP_OC 0x1015 (Get device property value) (0xd035) request...
4.634761 gp_port_write               (3): Writing 16 = 0x10 bytes to port...
4.634796 gp_port_write               (3): Wrote   16 = 0x10 bytes to port: (hexdump of 16 bytes)
0000  10 00 00 00 01 00 15 10-22 00 00 00 35 d0 00 00  ........"...5...

4.634801 ptp_usb_getdata             (2): Reading PTP_OC 0x1015 (Get device property value) data...
4.634803 gp_port_read                (3): Reading 1024 = 0x400 bytes from port...
4.814435 gp_port_read                (3): Read    12 = 0xc out of 1024 bytes from port: (hexdump of 12 bytes)
0000  0c 00 00 00 03 00 01 20-22 00 00 00              ....... "...    

4.814455 ptp_usb_getresp             (2): Reading PTP_OC 0x1015 (Get device property value) response...
4.814458 ptp_usb_getpacket           (2): Returning previously buffered response packet.
4.814461 gp_widget_set_value         (2): Setting value of widget 'Pentax PC Live View Descriptor' to 'code=0xd035; descriptor-parse=failed; descriptor-bytes=6; descriptor-hex=35d000000000; value-bytes=0; value-hex='...
4.814465 _get_config                 (2): Getting function prop 'Pentax Focus Peaking' / 0x1015
4.814468 ptp_usb_sendreq             (2): Sending PTP_OC 0x1015 (Get device property value) (0xd02b) request...
4.814470 gp_port_write               (3): Writing 16 = 0x10 bytes to port...
4.814497 gp_port_write               (3): Wrote   16 = 0x10 bytes to port: (hexdump of 16 bytes)
0000  10 00 00 00 01 00 15 10-23 00 00 00 2b d0 00 00  ........#...+...

4.814502 ptp_usb_getdata             (2): Reading PTP_OC 0x1015 (Get device property value) data...
4.814504 gp_port_read                (3): Reading 1024 = 0x400 bytes from port...
4.933559 gp_port_read                (3): Read    16 = 0x10 out of 1024 bytes from port: (hexdump of 16 bytes)
0000  10 00 00 00 02 00 15 10-23 00 00 00 00 d0 00 00  ........#.......

4.933570 ptp_usb_getresp             (2): Reading PTP_OC 0x1015 (Get device property value) response...
4.933572 gp_port_read                (3): Reading 1024 = 0x400 bytes from port...
4.933640 gp_port_read                (3): Read    12 = 0xc out of 1024 bytes from port: (hexdump of 12 bytes)
0000  0c 00 00 00 03 00 01 20-23 00 00 00              ....... #...    

4.933650 gp_widget_set_value         (2): Setting value of widget 'Pentax Focus Peaking' to 'off'...
4.933652 _get_config                 (2): Getting function prop 'Pentax PC Live View Mode' / 0x1015
4.933657 _get_config                 (2): Failed to parse value of property 'Pentax PC Live View Mode' / 0x0000: error code -6
4.933659 _get_config                 (2): Getting function prop 'Pentax Exposure Bracketing Mode' / 0x1015
4.933664 _get_config                 (2): Failed to parse value of property 'Pentax Exposure Bracketing Mode' / 0x0000: error code -6
4.933667 _get_config                 (2): Getting function prop 'Pentax Exposure Bracketing Step' / 0x1015
4.933676 _get_config                 (2): Failed to parse value of property 'Pentax Exposure Bracketing Step' / 0x0000: error code -6
4.933679 _get_config                 (2): Getting function prop 'Pentax Custom Image Mode' / 0x1015
4.933682 ptp_usb_sendreq             (2): Sending PTP_OC 0x1015 (Get device property value) (0xd020) request...
4.933683 gp_port_write               (3): Writing 16 = 0x10 bytes to port...
4.933703 gp_port_write               (3): Wrote   16 = 0x10 bytes to port: (hexdump of 16 bytes)
0000  10 00 00 00 01 00 15 10-24 00 00 00 20 d0 00 00  ........$... ...

4.933708 ptp_usb_getdata             (2): Reading PTP_OC 0x1015 (Get device property value) data...
4.933709 gp_port_read                (3): Reading 1024 = 0x400 bytes from port...
5.182353 gp_port_read                (3): Read    13 = 0xd out of 1024 bytes from port: (hexdump of 13 bytes)
0000  0d 00 00 00 02 00 15 10-24 00 00 00 ff           ........$....   

5.182374 ptp_usb_getresp             (2): Reading PTP_OC 0x1015 (Get device property value) response...
5.182376 gp_port_read                (3): Reading 1024 = 0x400 bytes from port...
5.182441 gp_port_read                (3): Read    12 = 0xc out of 1024 bytes from port: (hexdump of 12 bytes)
0000  0c 00 00 00 03 00 01 20-24 00 00 00              ....... $...    

5.182457 gp_widget_set_value         (2): Setting value of widget 'Pentax Custom Image Mode' to 'autoselect'...
5.182460 _get_config                 (2): Getting function prop 'Pentax Composition Adjustment' / 0x1015
5.182465 _get_config                 (2): Failed to parse value of property 'Pentax Composition Adjustment' / 0x0000: error code -6
5.182468 _get_config                 (2): Getting function prop 'Pentax Cross Process Type' / 0x1015
5.182471 _get_config                 (2): Failed to parse value of property 'Pentax Cross Process Type' / 0x0000: error code -6
5.182472 _get_config                 (2): Getting function prop 'Pentax Movie Mode' / 0x1015
5.182475 _get_config                 (2): Failed to parse value of property 'Pentax Movie Mode' / 0x0000: error code -6
5.182477 _get_config                 (2): Getting function prop 'Pentax Keep Live View' / 0x1015
5.182480 _get_config                 (2): Getting function prop 'Pentax Card Writing Mode' / 0x1015
5.182485 gp_widget_set_value         (2): Setting value of widget 'Pentax Card Writing Mode' to 'off'...
5.182488 _get_config                 (2): Getting function prop 'Pentax Direct Shutter Speed' / 0x1014
5.182491 ptp_usb_sendreq             (2): Sending PTP_OC 0x1014 (Get device property description) (0xd00f) request...
5.182493 gp_port_write               (3): Writing 16 = 0x10 bytes to port...
5.182516 gp_port_write               (3): Wrote   16 = 0x10 bytes to port: (hexdump of 16 bytes)
0000  10 00 00 00 01 00 14 10-25 00 00 00 0f d0 00 00  ........%.......

5.182521 ptp_usb_getdata             (2): Reading PTP_OC 0x1014 (Get device property description) data...
5.182523 gp_port_read                (3): Reading 1024 = 0x400 bytes from port...
5.375325 gp_port_read                (3): Read    484 = 0x1e4 out of 1024 bytes from port: (hexdump of 484 bytes)
0000  e4 01 00 00 02 00 14 10-25 00 00 00 0f d0 08 00  ........%.......
0010  01 00 00 00 00 00 00 00-00 01 00 00 00 f4 01 00  ................
0020  00 02 38 00 1e 00 00 00-01 00 00 00 19 00 00 00  ..8.............
0030  01 00 00 00 14 00 00 00-01 00 00 00 0f 00 00 00  ................
0040  01 00 00 00 0d 00 00 00-01 00 00 00 0a 00 00 00  ................
0050  01 00 00 00 08 00 00 00-01 00 00 00 06 00 00 00  ................
0060  01 00 00 00 05 00 00 00-01 00 00 00 04 00 00 00  ................
0070  01 00 00 00 03 00 00 00-01 00 00 00 19 00 00 00  ................
0080  0a 00 00 00 02 00 00 00-01 00 00 00 10 00 00 00  ................
0090  0a 00 00 00 0d 00 00 00-0a 00 00 00 01 00 00 00  ................
00a0  01 00 00 00 08 00 00 00-0a 00 00 00 06 00 00 00  ................
00b0  0a 00 00 00 05 00 00 00-0a 00 00 00 04 00 00 00  ................
00c0  0a 00 00 00 03 00 00 00-0a 00 00 00 01 00 00 00  ................
00d0  04 00 00 00 01 00 00 00-05 00 00 00 01 00 00 00  ................
00e0  06 00 00 00 01 00 00 00-08 00 00 00 01 00 00 00  ................
00f0  0a 00 00 00 01 00 00 00-0d 00 00 00 01 00 00 00  ................
0100  0f 00 00 00 01 00 00 00-14 00 00 00 01 00 00 00  ................
0110  19 00 00 00 01 00 00 00-1e 00 00 00 01 00 00 00  ................
0120  28 00 00 00 01 00 00 00-32 00 00 00 01 00 00 00  (.......2.......
0130  3c 00 00 00 01 00 00 00-50 00 00 00 01 00 00 00  <.......P.......
0140  64 00 00 00 01 00 00 00-7d 00 00 00 01 00 00 00  d.......}.......
0150  a0 00 00 00 01 00 00 00-c8 00 00 00 01 00 00 00  ................
0160  fa 00 00 00 01 00 00 00-40 01 00 00 01 00 00 00  ........@.......
0170  90 01 00 00 01 00 00 00-f4 01 00 00 01 00 00 00  ................
0180  80 02 00 00 01 00 00 00-20 03 00 00 01 00 00 00  ........ .......
0190  e8 03 00 00 01 00 00 00-e2 04 00 00 01 00 00 00  ................
01a0  40 06 00 00 01 00 00 00-d0 07 00 00 01 00 00 00  @...............
01b0  c4 09 00 00 01 00 00 00-80 0c 00 00 01 00 00 00  ................
01c0  a0 0f 00 00 01 00 00 00-88 13 00 00 01 00 00 00  ................
01d0  00 19 00 00 01 00 00 00-40 1f 00 00 00 00 00 00  ........@.......
01e0  01 00 00 00            -                         ....            

5.375369 ptp_usb_getresp             (2): Reading PTP_OC 0x1014 (Get device property description) response...
5.375371 gp_port_read                (3): Reading 1024 = 0x400 bytes from port...
5.375402 gp_port_read                (3): Read    12 = 0xc out of 1024 bytes from port: (hexdump of 12 bytes)
0000  0c 00 00 00 03 00 01 20-25 00 00 00              ....... %...    

5.375422 gp_widget_set_value         (2): Setting value of widget 'Pentax Direct Shutter Speed' to '1/500'...
5.375430 _get_config                 (2): Getting function prop 'Pentax Direct ISO Speed' / 0x1014
5.375435 ptp_usb_sendreq             (2): Sending PTP_OC 0x1014 (Get device property description) (0xd01e) request...
5.375439 gp_port_write               (3): Writing 16 = 0x10 bytes to port...
5.375456 gp_port_write               (3): Wrote   16 = 0x10 bytes to port: (hexdump of 16 bytes)
0000  10 00 00 00 01 00 14 10-26 00 00 00 1e d0 00 00  ........&.......

5.375461 ptp_usb_getdata             (2): Reading PTP_OC 0x1014 (Get device property description) data...
5.375462 gp_port_read                (3): Reading 1024 = 0x400 bytes from port...
5.480631 gp_port_read                (3): Read    76 = 0x4c out of 1024 bytes from port: (hexdump of 76 bytes)
0000  4c 00 00 00 02 00 14 10-26 00 00 00 1e d0 06 00  L.......&.......
0010  01 00 00 00 00 c8 00 00-00 02 0c 00 64 00 00 00  ............d...
0020  c8 00 00 00 90 01 00 00-20 03 00 00 40 06 00 00  ........ ...@...
0030  80 0c 00 00 00 19 00 00-00 32 00 00 00 64 00 00  .........2...d..
0040  00 c8 00 00 00 90 01 00-00 20 03 00              ......... ..    

5.480654 ptp_usb_getresp             (2): Reading PTP_OC 0x1014 (Get device property description) response...
5.480656 gp_port_read                (3): Reading 1024 = 0x400 bytes from port...
5.480711 gp_port_read                (3): Read    12 = 0xc out of 1024 bytes from port: (hexdump of 12 bytes)
0000  0c 00 00 00 03 00 01 20-26 00 00 00              ....... &...    

5.480722 gp_widget_set_value         (2): Setting value of widget 'Pentax Direct ISO Speed' to '200'...
5.480727 _get_config                 (2): Getting function prop 'Pentax Direct Aperture' / 0x1014
5.480731 ptp_usb_sendreq             (2): Sending PTP_OC 0x1014 (Get device property description) (0x5007) request...
5.480733 gp_port_write               (3): Writing 16 = 0x10 bytes to port...
5.480753 gp_port_write               (3): Wrote   16 = 0x10 bytes to port: (hexdump of 16 bytes)
0000  10 00 00 00 01 00 14 10-27 00 00 00 07 50 00 00  ........'....P..

5.480757 ptp_usb_getdata             (2): Reading PTP_OC 0x1014 (Get device property description) data...
5.480759 gp_port_read                (3): Reading 1024 = 0x400 bytes from port...
5.627036 gp_port_read                (3): Read    68 = 0x44 out of 1024 bytes from port: (hexdump of 68 bytes)
0000  44 00 00 00 02 00 14 10-27 00 00 00 07 50 04 00  D.......'....P..
0010  01 00 00 c8 00 02 16 00-8c 00 a0 00 b4 00 c8 00  ................
0020  dc 00 fa 00 18 01 40 01-5e 01 90 01 c2 01 f4 01  ......@.^.......
0030  30 02 76 02 c6 02 20 03-84 03 e8 03 4c 04 14 05  0.v... .....L...
0040  78 05 40 06            -                         x.@.            

5.627058 ptp_usb_getresp             (2): Reading PTP_OC 0x1014 (Get device property description) response...
5.627060 gp_port_read                (3): Reading 1024 = 0x400 bytes from port...
5.627111 gp_port_read                (3): Read    12 = 0xc out of 1024 bytes from port: (hexdump of 12 bytes)
0000  0c 00 00 00 03 00 01 20-27 00 00 00              ....... '...    

5.627118 _get_FNumber                (2): get_FNumber
5.627125 gp_widget_set_value         (2): Setting value of widget 'Pentax Direct Aperture' to 'f/2'...
5.627133 _get_FNumber                (2): get_FNumber via enum
5.627136 _get_config                 (2): Getting function prop 'Pentax Direct Exposure Compensation' / 0x1014
5.627139 ptp_usb_sendreq             (2): Sending PTP_OC 0x1014 (Get device property description) (0x5010) request...
5.627141 gp_port_write               (3): Writing 16 = 0x10 bytes to port...
5.627159 gp_port_write               (3): Wrote   16 = 0x10 bytes to port: (hexdump of 16 bytes)
0000  10 00 00 00 01 00 14 10-28 00 00 00 10 50 00 00  ........(....P..

5.627164 ptp_usb_getdata             (2): Reading PTP_OC 0x1014 (Get device property description) data...
5.627166 gp_port_read                (3): Reading 1024 = 0x400 bytes from port...
5.743035 gp_port_read                (3): Read    86 = 0x56 out of 1024 bytes from port: (hexdump of 86 bytes)
0000  56 00 00 00 02 00 14 10-28 00 00 00 10 50 03 00  V.......(....P..
0010  01 00 00 00 00 02 1f 00-88 13 5c 12 cc 10 a0 0f  ..........\.....
0020  74 0e e4 0c b8 0b 8c 0a-fc 08 d0 07 a4 06 14 05  t...............
0030  e8 03 bc 02 2c 01 00 00-d4 fe 44 fd 18 fc ec fa  ....,.....D.....
0040  5c f9 30 f8 04 f7 74 f5-48 f4 1c f3 8c f1 60 f0  \.0...t.H.....`.
0050  34 ef a4 ed 78 ec      -                         4...x.          

5.743058 ptp_usb_getresp             (2): Reading PTP_OC 0x1014 (Get device property description) response...
5.743060 gp_port_read                (3): Reading 1024 = 0x400 bytes from port...
5.743105 gp_port_read                (3): Read    12 = 0xc out of 1024 bytes from port: (hexdump of 12 bytes)
0000  0c 00 00 00 03 00 01 20-28 00 00 00              ....... (...    

5.743125 gp_widget_set_value         (2): Setting value of widget 'Pentax Direct Exposure Compensation' to '0'...
5.743128 _get_config                 (2): Getting function prop 'Pentax Live View AF Position' / 0x1015
5.743131 ptp_usb_sendreq             (2): Sending PTP_OC 0x1015 (Get device property value) (0xd009) request...
5.743133 gp_port_write               (3): Writing 16 = 0x10 bytes to port...
5.743152 gp_port_write               (3): Wrote   16 = 0x10 bytes to port: (hexdump of 16 bytes)
0000  10 00 00 00 01 00 15 10-29 00 00 00 09 d0 00 00  ........).......

5.743156 ptp_usb_getdata             (2): Reading PTP_OC 0x1015 (Get device property value) data...
5.743158 gp_port_read                (3): Reading 1024 = 0x400 bytes from port...
5.850112 gp_port_read                (3): Read    32 = 0x20 out of 1024 bytes from port: (hexdump of 32 bytes)
0000  20 00 00 00 02 00 15 10-29 00 00 00 08 00 00 00   .......).......
0010  d0 02 e0 01 d0 02 e0 01-40 02 40 01 30 00 30 00  ........@.@.0.0.

5.850134 ptp_usb_getresp             (2): Reading PTP_OC 0x1015 (Get device property value) response...
5.850137 gp_port_read                (3): Reading 1024 = 0x400 bytes from port...
5.850481 gp_port_read                (3): Read    12 = 0xc out of 1024 bytes from port: (hexdump of 12 bytes)
0000  0c 00 00 00 03 00 01 20-29 00 00 00              ....... )...    

5.850492 ptp_usb_sendreq             (2): Sending PTP_OC 0x1015 (Get device property value) (0xd036) request...
5.850499 gp_port_write               (3): Writing 16 = 0x10 bytes to port...
5.850532 gp_port_write               (3): Wrote   16 = 0x10 bytes to port: (hexdump of 16 bytes)
0000  10 00 00 00 01 00 15 10-2a 00 00 00 36 d0 00 00  ........*...6...

5.850537 ptp_usb_getdata             (2): Reading PTP_OC 0x1015 (Get device property value) data...
5.850539 gp_port_read                (3): Reading 1024 = 0x400 bytes from port...
5.953627 gp_port_read                (3): Read    20 = 0x14 out of 1024 bytes from port: (hexdump of 20 bytes)
0000  14 00 00 00 02 00 15 10-2a 00 00 00 02 00 00 00  ........*.......
0010  68 01 f0 00            -                         h...            

5.953648 ptp_usb_getresp             (2): Reading PTP_OC 0x1015 (Get device property value) response...
5.953650 gp_port_read                (3): Reading 1024 = 0x400 bytes from port...
5.953706 gp_port_read                (3): Read    12 = 0xc out of 1024 bytes from port: (hexdump of 12 bytes)
0000  0c 00 00 00 03 00 01 20-2a 00 00 00              ....... *...    

5.953714 gp_widget_set_value         (2): Setting value of widget 'Pentax Live View AF Position' to '360,240'...
5.953716 _get_config                 (2): Getting function prop 'Pentax Live View Zoom' / 0x1015
5.953719 ptp_usb_sendreq             (2): Sending PTP_OC 0x1015 (Get device property value) (0xd037) request...
5.953722 gp_port_write               (3): Writing 16 = 0x10 bytes to port...
5.953742 gp_port_write               (3): Wrote   16 = 0x10 bytes to port: (hexdump of 16 bytes)
0000  10 00 00 00 01 00 15 10-2b 00 00 00 37 d0 00 00  ........+...7...

5.953747 ptp_usb_getdata             (2): Reading PTP_OC 0x1015 (Get device property value) data...
5.953748 gp_port_read                (3): Reading 1024 = 0x400 bytes from port...
6.083979 gp_port_read                (3): Read    22 = 0x16 out of 1024 bytes from port: (hexdump of 22 bytes)
0000  16 00 00 00 02 00 15 10-2b 00 00 00 04 00 00 00  ........+.......
0010  68 01 f0 00 01 00      -                         h.....          

6.083999 ptp_usb_getresp             (2): Reading PTP_OC 0x1015 (Get device property value) response...
6.084002 gp_port_read                (3): Reading 1024 = 0x400 bytes from port...
6.084336 gp_port_read                (3): Read    12 = 0xc out of 1024 bytes from port: (hexdump of 12 bytes)
0000  0c 00 00 00 03 00 01 20-2b 00 00 00              ....... +...    

6.084348 gp_widget_set_value         (2): Setting value of widget 'Pentax Live View Zoom' to 'off'...
6.084351 _get_config                 (2): Getting function prop 'Pentax Drive Mode' / 0x1015
6.084354 ptp_usb_sendreq             (2): Sending PTP_OC 0x900f (Unknown VendorExtensionID) request...
6.084355 gp_port_write               (3): Writing 12 = 0xc bytes to port...
6.084378 gp_port_write               (3): Wrote   12 = 0xc bytes to port: (hexdump of 12 bytes)
0000  0c 00 00 00 01 00 0f 90-2c 00 00 00              ........,...    

6.084382 ptp_usb_getdata             (2): Reading PTP_OC 0x900f (Unknown VendorExtensionID) data...
6.084384 gp_port_read                (3): Reading 1024 = 0x400 bytes from port...
6.128111 gp_port_read                (3): Read    580 = 0x244 out of 1024 bytes from port: (hexdump of 580 bytes)
0000  44 02 00 00 02 00 0f 90-2c 00 00 00 8d 00 00 00  D.......,.......
0010  02 00 00 00 04 00 00 00-00 02 00 02 01 00 00 80  ................
0020  00 00 00 00 03 00 00 00-00 00 00 00 00 00 00 00  ................
0030  00 00 00 00 00 00 00 00-00 00 00 00 00 00 00 00  ................
0040  00 01 00 00 01 00 00 00-f4 01 00 00 14 00 00 00  ................
0050  0a 00 00 00 00 00 00 00-0a 00 00 00 00 00 00 00  ................
0060  14 00 00 00 0a 00 00 00-00 00 00 00 01 00 00 00  ................
0070  00 00 00 00 00 00 00 00-c8 00 00 00 64 00 00 00  ............d...
0080  00 64 00 00 00 00 00 00-07 00 00 00 07 00 00 00  .d..............
0090  01 00 00 00 00 00 00 00-00 00 00 00 01 00 00 00  ................
00a0  0c 00 00 00 04 00 00 00-04 00 00 00 04 00 00 00  ................
00b0  00 00 00 00 01 00 00 00-00 00 00 00 01 00 00 00  ................
00c0  00 00 00 00 08 00 00 00-00 00 00 00 02 00 00 00  ................
00d0  02 00 00 00 05 00 00 00-00 40 00 00 02 00 00 00  .........@......
00e0  00 00 00 00 01 00 00 00-07 00 00 00 00 00 00 00  ................
00f0  00 00 00 00 00 00 00 00-00 00 00 00 01 00 00 00  ................
0100  01 00 00 00 00 00 00 00-88 13 00 00 04 00 00 00  ................
0110  00 00 00 00 01 00 00 00-00 00 00 00 01 00 00 00  ................
0120  f4 01 00 00 14 00 00 00-0a 00 00 00 00 00 00 00  ................
0130  0a 00 00 00 00 00 00 00-0a 00 00 00 01 00 00 00  ................
0140  40 1f 00 00 c8 00 00 00-00 00 00 00 00 00 00 00  @...............
0150  08 00 00 00 0e 00 00 00-0a 00 00 00 a0 00 00 00  ................
0160  0a 00 00 00 02 00 00 00-00 00 00 00 b3 ff ff ff  ................
0170  0a 00 00 00 00 00 00 00-00 00 00 00 50 02 00 00  ............P...
0180  df 02 00 00 c4 02 00 00-00 00 00 00 00 00 00 00  ................
0190  00 00 00 00 00 00 00 00-00 00 00 00 00 00 00 00  ................
01a0  a8 00 00 00 00 00 00 00-00 00 00 00 40 00 00 00  ............@...
01b0  88 13 00 00 64 00 00 00-f6 ff ff ff e7 ff ff ff  ....d...........
01c0  00 00 00 00 00 00 00 00-0f 00 00 00 3f 00 00 00  ............?...
01d0  00 00 00 00 ca 86 0d 00-ca 86 0d 00 02 00 00 00  ................
01e0  02 00 00 00 00 00 00 00-04 00 00 00 04 00 00 00  ................
01f0  00 00 00 00 01 00 00 00-04 00 00 00 00 00 00 00  ................
0200  00 00 00 00 0f 00 00 00-00 00 00 00 01 00 00 00  ................
0210  00 00 00 00 00 00 00 00-01 00 00 00 00 00 00 00  ................
0220  00 00 00 00 00 00 00 00-00 00 00 00 00 00 00 00  ................
0230  00 00 00 00 00 00 00 00-00 00 00 00 01 00 00 00  ................
0240  01 00 00 00            -                         ....            

6.128158 ptp_usb_getresp             (2): Reading PTP_OC 0x900f (Unknown VendorExtensionID) response...
6.128161 gp_port_read                (3): Reading 1024 = 0x400 bytes from port...
6.128203 gp_port_read                (3): Read    12 = 0xc out of 1024 bytes from port: (hexdump of 12 bytes)
0000  0c 00 00 00 03 00 01 20-2c 00 00 00              ....... ,...    

6.128210 ptp_usb_sendreq             (2): Sending PTP_OC 0x1014 (Get device property description) (0xd013) request...
6.128212 gp_port_write               (3): Writing 16 = 0x10 bytes to port...
6.128240 gp_port_write               (3): Wrote   16 = 0x10 bytes to port: (hexdump of 16 bytes)
0000  10 00 00 00 01 00 14 10-2d 00 00 00 13 d0 00 00  ........-.......

6.128245 ptp_usb_getdata             (2): Reading PTP_OC 0x1014 (Get device property description) data...
6.128247 gp_port_read                (3): Reading 1024 = 0x400 bytes from port...
6.247398 gp_port_read                (3): Read    120 = 0x78 out of 1024 bytes from port: (hexdump of 120 bytes)
0000  78 00 00 00 02 00 14 10-2d 00 00 00 13 d0 06 00  x.......-.......
0010  01 00 00 00 00 01 00 00-00 02 17 00 00 00 00 00  ................
0020  01 00 00 00 02 00 00 00-03 00 00 00 04 00 00 00  ................
0030  05 00 00 00 06 00 00 00-07 00 00 00 08 00 00 00  ................
0040  09 00 00 00 0a 00 00 00-0b 00 00 00 0c 00 00 00  ................
0050  0d 00 00 00 0e 00 00 00-0f 00 00 00 10 00 00 00  ................
0060  11 00 00 00 12 00 00 00-13 00 00 00 14 00 00 00  ................
0070  15 00 00 00 16 00 00 00-                         ........        

6.247423 ptp_usb_getresp             (2): Reading PTP_OC 0x1014 (Get device property description) response...
6.247425 gp_port_read                (3): Reading 1024 = 0x400 bytes from port...
6.247480 gp_port_read                (3): Read    12 = 0xc out of 1024 bytes from port: (hexdump of 12 bytes)
0000  0c 00 00 00 03 00 01 20-2d 00 00 00              ....... -...    

6.247492 gp_widget_set_value         (2): Setting value of widget 'Pentax Drive Mode' to 'continuous-hi'...
6.247502 _get_config                 (2): Getting function prop 'Pentax White Balance' / 0x1014
6.247511 ptp_usb_sendreq             (2): Sending PTP_OC 0x1014 (Get device property description) (0x5005) request...
6.247513 gp_port_write               (3): Writing 16 = 0x10 bytes to port...
6.247534 gp_port_write               (3): Wrote   16 = 0x10 bytes to port: (hexdump of 16 bytes)
0000  10 00 00 00 01 00 14 10-2e 00 00 00 05 50 00 00  .............P..

6.247539 ptp_usb_getdata             (2): Reading PTP_OC 0x1014 (Get device property description) data...
6.247541 gp_port_read                (3): Reading 1024 = 0x400 bytes from port...
6.395380 gp_port_read                (3): Read    60 = 0x3c out of 1024 bytes from port: (hexdump of 60 bytes)
0000  3c 00 00 00 02 00 14 10-2e 00 00 00 05 50 04 00  <............P..
0010  01 00 00 02 00 02 12 00-02 00 04 00 06 00 07 00  ................
0020  02 80 03 80 04 80 05 80-06 80 07 80 08 80 09 80  ................
0030  0a 80 0b 80 0c 80 0d 80-0e 80 0f 80              ............    

6.395403 ptp_usb_getresp             (2): Reading PTP_OC 0x1014 (Get device property description) response...
6.395406 gp_port_read                (3): Reading 1024 = 0x400 bytes from port...
6.395447 gp_port_read                (3): Read    12 = 0xc out of 1024 bytes from port: (hexdump of 12 bytes)
0000  0c 00 00 00 03 00 01 20-2e 00 00 00              ....... ....    

6.395469 gp_widget_set_value         (2): Setting value of widget 'Pentax White Balance' to 'auto'...
6.395473 _get_config                 (2): Getting function prop 'Pentax Live View AF Position' / 0x1015
6.395476 ptp_usb_sendreq             (2): Sending PTP_OC 0x1015 (Get device property value) (0xd009) request...
6.395478 gp_port_write               (3): Writing 16 = 0x10 bytes to port...
6.395501 gp_port_write               (3): Wrote   16 = 0x10 bytes to port: (hexdump of 16 bytes)
0000  10 00 00 00 01 00 15 10-2f 00 00 00 09 d0 00 00  ......../.......

6.395508 ptp_usb_getdata             (2): Reading PTP_OC 0x1015 (Get device property value) data...
6.395510 gp_port_read                (3): Reading 1024 = 0x400 bytes from port...
6.515325 gp_port_read                (3): Read    32 = 0x20 out of 1024 bytes from port: (hexdump of 32 bytes)
0000  20 00 00 00 02 00 15 10-2f 00 00 00 08 00 00 00   ......./.......
0010  d0 02 e0 01 d0 02 e0 01-40 02 40 01 30 00 30 00  ........@.@.0.0.

6.515351 ptp_usb_getresp             (2): Reading PTP_OC 0x1015 (Get device property value) response...
6.515354 gp_port_read                (3): Reading 1024 = 0x400 bytes from port...
6.515405 gp_port_read                (3): Read    12 = 0xc out of 1024 bytes from port: (hexdump of 12 bytes)
0000  0c 00 00 00 03 00 01 20-2f 00 00 00              ....... /...    

6.515414 ptp_usb_sendreq             (2): Sending PTP_OC 0x1015 (Get device property value) (0xd036) request...
6.515417 gp_port_write               (3): Writing 16 = 0x10 bytes to port...
6.515442 gp_port_write               (3): Wrote   16 = 0x10 bytes to port: (hexdump of 16 bytes)
0000  10 00 00 00 01 00 15 10-30 00 00 00 36 d0 00 00  ........0...6...

6.515449 ptp_usb_getdata             (2): Reading PTP_OC 0x1015 (Get device property value) data...
6.515451 gp_port_read                (3): Reading 1024 = 0x400 bytes from port...
6.627465 gp_port_read                (3): Read    20 = 0x14 out of 1024 bytes from port: (hexdump of 20 bytes)
0000  14 00 00 00 02 00 15 10-30 00 00 00 02 00 00 00  ........0.......
0010  68 01 f0 00            -                         h...            

6.627491 ptp_usb_getresp             (2): Reading PTP_OC 0x1015 (Get device property value) response...
6.627494 gp_port_read                (3): Reading 1024 = 0x400 bytes from port...
6.627622 gp_port_read                (3): Read    12 = 0xc out of 1024 bytes from port: (hexdump of 12 bytes)
0000  0c 00 00 00 03 00 01 20-30 00 00 00              ....... 0...    

6.627636 gp_widget_set_value         (2): Setting value of widget 'Pentax Live View AF Position' to '360,240'...
6.627642 _get_config                 (2): Getting property 'Battery Level' / 0x5001
6.627647 ptp_usb_sendreq             (2): Sending PTP_OC 0x1014 (Get device property description) (0x5001) request...
6.627657 gp_port_write               (3): Writing 16 = 0x10 bytes to port...
6.627683 gp_port_write               (3): Wrote   16 = 0x10 bytes to port: (hexdump of 16 bytes)
0000  10 00 00 00 01 00 14 10-31 00 00 00 01 50 00 00  ........1....P..

6.627689 ptp_usb_getdata             (2): Reading PTP_OC 0x1014 (Get device property description) data...
6.627692 gp_port_read                (3): Reading 1024 = 0x400 bytes from port...
6.782023 gp_port_read                (3): Read    23 = 0x17 out of 1024 bytes from port: (hexdump of 23 bytes)
0000  17 00 00 00 02 00 14 10-31 00 00 00 01 50 02 00  ........1....P..
0010  00 64 64 01 00 64 01   -                         .dd..d.         

6.782056 ptp_usb_getresp             (2): Reading PTP_OC 0x1014 (Get device property description) response...
6.782062 gp_port_read                (3): Reading 1024 = 0x400 bytes from port...
6.782106 gp_port_read                (3): Read    12 = 0xc out of 1024 bytes from port: (hexdump of 12 bytes)
0000  0c 00 00 00 03 00 01 20-31 00 00 00              ....... 1...    

6.782118 gp_widget_set_value         (2): Setting value of widget 'Battery Level' to '100%'...
6.782173 gp_widget_set_value         (2): Setting value of widget 'Battery Level' to '100'...
6.782179 ptp_usb_sendreq             (2): Sending PTP_OC 0x1014 (Get device property description) (0x5011) request...
6.782182 gp_port_write               (3): Writing 16 = 0x10 bytes to port...
6.782212 gp_port_write               (3): Wrote   16 = 0x10 bytes to port: (hexdump of 16 bytes)
0000  10 00 00 00 01 00 14 10-32 00 00 00 11 50 00 00  ........2....P..

6.782219 ptp_usb_getdata             (2): Reading PTP_OC 0x1014 (Get device property description) data...
6.782222 gp_port_read                (3): Reading 1024 = 0x400 bytes from port...
6.883352 gp_port_read                (3): Read    84 = 0x54 out of 1024 bytes from port: (hexdump of 84 bytes)
0000  54 00 00 00 02 00 14 10-32 00 00 00 11 50 ff ff  T.......2....P..
0010  01 10 32 00 30 00 31 00-38 00 30 00 31 00 30 00  ..2.0.1.8.0.1.0.
0020  31 00 54 00 30 00 30 00-30 00 30 00 30 00 30 00  1.T.0.0.0.0.0.0.
0030  00 00 10 32 00 30 00 32-00 36 00 30 00 39 00 30  ...2.0.2.6.0.9.0
0040  00 32 00 54 00 31 00 38-00 31 00 37 00 32 00 38  .2.T.1.8.1.7.2.8
0050  00 00 00 00            -                         ....            

6.883375 ptp_usb_getresp             (2): Reading PTP_OC 0x1014 (Get device property description) response...
6.883376 gp_port_read                (3): Reading 1024 = 0x400 bytes from port...
6.883436 gp_port_read                (3): Read    12 = 0xc out of 1024 bytes from port: (hexdump of 12 bytes)
0000  0c 00 00 00 03 00 01 20-32 00 00 00              ....... 2...    

6.883448 gp_widget_set_value         (2): Setting value of widget 'Date & Time' to '20260902T181728'...
6.883452 ptp_usb_sendreq             (2): Sending PTP_OC 0x1014 (Get device property description) (0xd406) request...
6.883454 gp_port_write               (3): Writing 16 = 0x10 bytes to port...
6.883476 gp_port_write               (3): Wrote   16 = 0x10 bytes to port: (hexdump of 16 bytes)
0000  10 00 00 00 01 00 14 10-33 00 00 00 06 d4 00 00  ........3.......

6.883480 ptp_usb_getdata             (2): Reading PTP_OC 0x1014 (Get device property description) data...
6.883482 gp_port_read                (3): Reading 1024 = 0x400 bytes from port...
6.985291 gp_port_read                (3): Read    20 = 0x14 out of 1024 bytes from port: (hexdump of 20 bytes)
0000  14 00 00 00 02 00 14 10-33 00 00 00 06 d4 ff ff  ........3.......
0010  01 00 00 00            -                         ....            

6.985312 ptp_usb_getresp             (2): Reading PTP_OC 0x1014 (Get device property description) response...
6.985315 gp_port_read                (3): Reading 1024 = 0x400 bytes from port...
6.985377 gp_port_read                (3): Read    12 = 0xc out of 1024 bytes from port: (hexdump of 12 bytes)
0000  0c 00 00 00 03 00 01 20-33 00 00 00              ....... 3...    

6.985397 gp_widget_set_value         (2): Setting value of widget 'PTP Property 0xd406' to ''...
6.985402 ptp_usb_sendreq             (2): Sending PTP_OC 0x1014 (Get device property description) (0xd407) request...
6.985406 gp_port_write               (3): Writing 16 = 0x10 bytes to port...
6.985445 gp_port_write               (3): Wrote   16 = 0x10 bytes to port: (hexdump of 16 bytes)
0000  10 00 00 00 01 00 14 10-34 00 00 00 07 d4 00 00  ........4.......

6.985451 ptp_usb_getdata             (2): Reading PTP_OC 0x1014 (Get device property description) data...
6.985452 gp_port_read                (3): Reading 1024 = 0x400 bytes from port...
7.087723 gp_port_read                (3): Read    26 = 0x1a out of 1024 bytes from port: (hexdump of 26 bytes)
0000  1a 00 00 00 02 00 14 10-34 00 00 00 07 d4 06 00  ........4.......
0010  00 00 00 00 00 01 00 00-00 00                    ..........      

7.087748 ptp_usb_getresp             (2): Reading PTP_OC 0x1014 (Get device property description) response...
7.087751 gp_port_read                (3): Reading 1024 = 0x400 bytes from port...
7.087781 gp_port_read                (3): Read    12 = 0xc out of 1024 bytes from port: (hexdump of 12 bytes)
0000  0c 00 00 00 03 00 01 20-34 00 00 00              ....... 4...    

7.087793 gp_widget_set_value         (2): Setting value of widget 'PTP Property 0xd407' to '1'...
7.087798 ptp_usb_sendreq             (2): Sending PTP_OC 0x1014 (Get device property description) (0xd303) request...
7.087801 gp_port_write               (3): Writing 16 = 0x10 bytes to port...
7.087824 gp_port_write               (3): Wrote   16 = 0x10 bytes to port: (hexdump of 16 bytes)
0000  10 00 00 00 01 00 14 10-35 00 00 00 03 d3 00 00  ........5.......

7.087831 ptp_usb_getdata             (2): Reading PTP_OC 0x1014 (Get device property description) data...
7.087833 gp_port_read                (3): Reading 1024 = 0x400 bytes from port...
7.218708 gp_port_read                (3): Read    20 = 0x14 out of 1024 bytes from port: (hexdump of 20 bytes)
0000  14 00 00 00 02 00 14 10-35 00 00 00 03 d3 02 00  ........5.......
0010  00 00 01 00            -                         ....            

7.218728 ptp_usb_getresp             (2): Reading PTP_OC 0x1014 (Get device property description) response...
7.218730 gp_port_read                (3): Reading 1024 = 0x400 bytes from port...
7.218791 gp_port_read                (3): Read    12 = 0xc out of 1024 bytes from port: (hexdump of 12 bytes)
0000  0c 00 00 00 03 00 01 20-35 00 00 00              ....... 5...    

7.218800 gp_widget_set_value         (2): Setting value of widget 'PTP Property 0xd303' to '1'...
7.219276 gp_camera_free              (2): Freeing camera...
7.219281 gp_camera_exit              (2): Exiting camera ('Pentax K-1 Mark II (PTP mode)')...
7.219285 ptp_usb_sendreq             (2): Sending PTP_OC 0x9001 (Unknown VendorExtensionID) request...
7.219287 gp_port_write               (3): Writing 32 = 0x20 bytes to port...
7.219319 gp_port_write               (3): Wrote   32 = 0x20 bytes to port: (hexdump of 32 bytes)
0000  20 00 00 00 01 00 01 90-36 00 00 00 0d 00 00 00   .......6.......
0010  40 32 01 00 00 00 00 00-01 00 00 00 00 00 00 00  @2..............

7.219323 ptp_usb_getresp             (2): Reading PTP_OC 0x9001 (Unknown VendorExtensionID) response...
7.219325 gp_port_read                (3): Reading 1024 = 0x400 bytes from port...
7.565069 gp_port_read                (3): Read    20 = 0x14 out of 1024 bytes from port: (hexdump of 20 bytes)
0000  14 00 00 00 03 00 01 20-36 00 00 00 00 00 00 00  ....... 6.......
0010  03 00 00 00            -                         ....            

7.565087 camera_exit                 (2): Pentax vendor mode disabled
7.565097 ptp_usb_sendreq             (2): Sending PTP_OC 0x9002 (Unknown VendorExtensionID) request...
7.565099 gp_port_write               (3): Writing 12 = 0xc bytes to port...
7.565126 gp_port_write               (3): Wrote   12 = 0xc bytes to port: (hexdump of 12 bytes)
0000  0c 00 00 00 01 00 02 90-37 00 00 00              ........7...    

7.565138 ptp_usb_getresp             (2): Reading PTP_OC 0x9002 (Unknown VendorExtensionID) response...
7.565140 gp_port_read                (3): Reading 1024 = 0x400 bytes from port...
7.565275 gp_port_read                (3): Read    12 = 0xc out of 1024 bytes from port: (hexdump of 12 bytes)
0000  0c 00 00 00 03 00 17 20-37 00 00 00              ....... 7...    

7.565284 ptp_usb_getresp [usb.c:495] (0): PTP_OC 0x9002 receiving resp failed: PTP Unknown Vendor Code (0x2017)
7.565286 camera_exit                 (2): Pentax camera shutdown (0x9002) not accepted; relying on CloseSession
7.565292 ptp_usb_sendreq             (2): Sending PTP_OC 0x1003 (Close session) request...
7.565294 gp_port_write               (3): Writing 12 = 0xc bytes to port...
7.565314 gp_port_write               (3): Wrote   12 = 0xc bytes to port: (hexdump of 12 bytes)
0000  0c 00 00 00 01 00 03 10-38 00 00 00              ........8...    

7.565319 ptp_usb_getresp             (2): Reading PTP_OC 0x1003 (Close session) response...
7.565321 gp_port_read                (3): Reading 1024 = 0x400 bytes from port...
7.565405 gp_port_read                (3): Read    12 = 0xc out of 1024 bytes from port: (hexdump of 12 bytes)
0000  0c 00 00 00 03 00 01 20-38 00 00 00              ....... 8...    

7.565425 gp_port_close               (2): Closing port...
7.566483 _close_async_interrupts     (2): canceling USB IRQ transfers
7.570726 gp_filesystem_reset         (2): resetting filesystem
7.570729 gp_filesystem_lru_clear     (2): Clearing fscache LRU list...
7.570730 gp_filesystem_lru_clear     (2): fscache LRU list already empty
7.570731 delete_all_folders          (2): Internally deleting all folders from '/'...
7.570733 lookup_folder               (2): Lookup folder '/'...
7.570734 lookup_folder               (2): Found! / is 0x59fa8241a860
7.570735 recurse_delete_folder       (2): Recurse delete folder 0x59fa8241a860//
7.570736 delete_all_files            (2): Delete all files in folder 0x59fa8241a860//
7.570738 gp_port_free                (2): Freeing port...
7.570740 gp_port_close               (2): Closing port...
7.570852 gp_filesystem_reset         (2): resetting filesystem
7.570854 gp_filesystem_lru_clear     (2): Clearing fscache LRU list...
7.570856 gp_filesystem_lru_clear     (2): fscache LRU list already empty
7.570856 delete_all_folders          (2): Internally deleting all folders from '/'...
7.570857 lookup_folder               (2): Lookup folder '/'...
7.570858 lookup_folder               (2): Found! / is 0x59fa8241a860
7.570859 recurse_delete_folder       (2): Recurse delete folder 0x59fa8241a860//
7.570860 delete_all_files            (2): Delete all files in folder 0x59fa8241a860//
