0.000031 main                        (2): ALWAYS INCLUDE THE FOLLOWING LINES WHEN SENDING DEBUG MESSAGES TO THE MAILING LIST:
0.000043 main                        (2): gphoto2 2.5.28
0.000045 main                        (2): gphoto2 has been compiled with the following options:
0.000046 main                        (2):  + gcc (C compiler used)
0.000048 main                        (2):  + popt (mandatory, for handling command-line parameters)
0.000048 main                        (2):  + exif (for displaying EXIF information)
0.000049 main                        (2):  + cdk (for accessing configuration options)
0.000049 main                        (2):  + aa (for displaying live previews)
0.000050 main                        (2):  + jpeg (for displaying live previews in JPEG format)
0.000051 main                        (2):  + readline (for easy navigation in the shell)
0.000052 main                        (2): libgphoto2 2.5.34
0.000053 main                        (2): libgphoto2 has been compiled with the following options:
0.000053 main                        (2):  + standard camlib set (ptp2 pentax directory)
0.000054 main                        (2):  + gcc (C compiler used)
0.000054 main                        (2):  + ltdl (for portable loading of camlibs)
0.000055 main                        (2):  + EXIF (for special handling of EXIF files)
0.000056 main                        (2): libgphoto2_port 2.5.34
0.000057 main                        (2): libgphoto2_port has been compiled with the following options:
0.000057 main                        (2):  + iolibs: disk libusb1 usbscsi
0.000058 main                        (2):  + gcc (C compiler used)
0.000059 main                        (2):  + ltdl (for portable loading of iolibs)
0.000059 main                        (2):  + EXIF (for vusb)
0.000060 main                        (2):  + USB (libusb1, for USB cameras)
0.000061 main                        (2):  + no serial (for serial cameras)
0.000062 main                        (2):  + no resmgr (serial port access and locking)
0.000063 main                        (2):  + no ttylock (serial port locking)
0.000063 main                        (2):  + no lockdev (serial port locking)
0.000064 main                        (2): CAMLIBS = '/home/ian/Documents/VSCodeProjects/LibGphoto2/libgphoto2/_build/camlibs'
0.000065 main                        (2): IOLIBS = '/home/ian/Documents/VSCodeProjects/LibGphoto2/libgphoto2/_build/libgphoto2_port/libusb1:/home/ian/Documents/VSCodeProjects/LibGphoto2/libgphoto2/_build/libgphoto2_port/usbscsi'
0.000066 main                        (2): invoked with following arguments:
0.000067 main                        (2):   --debug
0.000068 main                        (2):   --debug-logfile=docs/pentax/evidence/2026-08-26/k3iii-set-shutter-5s.log
0.000069 main                        (2):   --camera
0.000070 main                        (2):   Pentax K-3 Mark III (MTP mode)
0.000071 main                        (2):   --port
0.000071 main                        (2):   usb:001,002
0.000072 main                        (2):   --set-config
0.000073 main                        (2):   /main/capturesettings/shutterspeed=5/1
0.000077 main                        (2): Processing 'model' option ('Pentax K-3 Mark III (MTP mode)')...
0.000082 gp_port_init_localedir      (2): localedir has been set to /usr/local/share/locale (compile-time default)
0.000084 gp_init_localedir           (2): localedir has been set to /usr/local/share/locale (compile-time default)
0.000092 unlocked_gp_abilities_list_load_dir(2): Using ltdl to load camera libraries from '/home/ian/Documents/VSCodeProjects/LibGphoto2/libgphoto2/_build/camlibs'...
0.000120 foreach_func                (2): Found '/home/ian/Documents/VSCodeProjects/LibGphoto2/libgphoto2/_build/camlibs/directory'.
0.000124 foreach_func                (2): Found '/home/ian/Documents/VSCodeProjects/LibGphoto2/libgphoto2/_build/camlibs/pentax'.
0.000126 foreach_func                (2): Found '/home/ian/Documents/VSCodeProjects/LibGphoto2/libgphoto2/_build/camlibs/ptp2'.
0.000128 unlocked_gp_abilities_list_load_dir(2): Found 3 camera drivers.
0.002781 gp_camera_set_abilities     (2): Setting abilities ('Pentax K-3 Mark III (MTP mode)')...
0.002793 gp_settings_path            (2): Using legacy settings path ('/home/ian/.gphoto/settings')
0.002795 gp_settings_path            (2): Creating gphoto config directory ('/home/ian/.gphoto')
0.002806 load_settings               (2): Loading settings from file '/home/ian/.gphoto/settings'.
0.002811 gp_setting_set              (2): Setting key 'model' to value 'Pentax K-3 Mark III (MTP mode)' (gphoto2)
0.002813 gp_settings_path            (2): Using legacy settings path ('/home/ian/.gphoto/settings')
0.002814 gp_settings_path            (2): Creating gphoto config directory ('/home/ian/.gphoto')
0.002815 save_settings               (2): Saving 3 setting(s) to file "/home/ian/.gphoto/settings"
0.002867 main                        (2): Processing 'port' option ('usb:001,002')...
0.002869 gp_port_init_localedir      (2): ignoring late call (localedir value NULL)
0.002871 gp_port_info_list_load      (2): Using ltdl to load io-drivers from '/home/ian/Documents/VSCodeProjects/LibGphoto2/libgphoto2/_build/libgphoto2_port/libusb1:/home/ian/Documents/VSCodeProjects/LibGphoto2/libgphoto2/_build/libgphoto2_port/usbscsi'...
0.002883 foreach_func                (2): Called for filename '/home/ian/Documents/VSCodeProjects/LibGphoto2/libgphoto2/_build/libgphoto2_port/libusb1/usb1'.
0.005877 foreach_func                (2): Loaded '' ('^usb:') from '/home/ian/Documents/VSCodeProjects/LibGphoto2/libgphoto2/_build/libgphoto2_port/libusb1/usb1'.
0.005894 foreach_func                (2): Loaded 'Universal Serial Bus' ('usb:008,002') from '/home/ian/Documents/VSCodeProjects/LibGphoto2/libgphoto2/_build/libgphoto2_port/libusb1/usb1'.
0.005896 foreach_func                (2): Loaded 'Universal Serial Bus' ('usb:001,003') from '/home/ian/Documents/VSCodeProjects/LibGphoto2/libgphoto2/_build/libgphoto2_port/libusb1/usb1'.
0.005897 foreach_func                (2): Loaded 'Universal Serial Bus' ('usb:001,002') from '/home/ian/Documents/VSCodeProjects/LibGphoto2/libgphoto2/_build/libgphoto2_port/libusb1/usb1'.
0.005897 foreach_func                (2): Loaded 'Universal Serial Bus' ('usb:001,005') from '/home/ian/Documents/VSCodeProjects/LibGphoto2/libgphoto2/_build/libgphoto2_port/libusb1/usb1'.
0.005899 foreach_func                (2): Called for filename '/home/ian/Documents/VSCodeProjects/LibGphoto2/libgphoto2/_build/libgphoto2_port/libusb1/usb1.so'.
0.006148 foreach_func                (2): '/home/ian/Documents/VSCodeProjects/LibGphoto2/libgphoto2/_build/libgphoto2_port/libusb1/usb1.so' already loaded
0.006230 foreach_func                (2): Called for filename '/home/ian/Documents/VSCodeProjects/LibGphoto2/libgphoto2/_build/libgphoto2_port/usbscsi/usbscsi'.
0.006388 foreach_func                (2): Loaded 'USB Mass Storage raw SCSI' ('usbscsi:/dev/sg0') from '/home/ian/Documents/VSCodeProjects/LibGphoto2/libgphoto2/_build/libgphoto2_port/usbscsi/usbscsi'.
0.006392 foreach_func                (2): Called for filename '/home/ian/Documents/VSCodeProjects/LibGphoto2/libgphoto2/_build/libgphoto2_port/usbscsi/usbscsi.so'.
0.006423 foreach_func                (2): '/home/ian/Documents/VSCodeProjects/LibGphoto2/libgphoto2/_build/libgphoto2_port/usbscsi/usbscsi.so' already loaded
0.006436 gp_port_info_list_count     (2): Counting entries (6 available)...
0.006439 gp_port_info_list_count     (2): 5 regular entries available.
0.006440 gp_port_info_list_lookup_path(2): Looking for path 'usb:001,002' (6 entries available)...
0.006442 gp_port_info_list_get_info  (2): Getting info of entry 2 (6 available)...
0.006445 gp_camera_set_port_info     (2): Setting port info for port 'Universal Serial Bus' at 'usb:001,002'...
0.008872 gp_port_set_timeout         (2): Setting port timeout to 5000 milliseconds.
0.008878 gp_port_set_settings        (2): Setting settings...
0.008881 gp_libusb1_update           (2): (old int=0, conf=-1, alt=-1) port usb:001,002, (new int=0, conf=-1, alt=-1) port usb:001,002
0.008883 gp_libusb1_update           (2): lowlevel libusb1 port not yet opened, no need for libusb changes
0.008894 gp_setting_set              (2): Setting key 'port' to value 'usb:001,002' (gphoto2)
0.008900 gp_settings_path            (2): Using legacy settings path ('/home/ian/.gphoto/settings')
0.008901 gp_settings_path            (2): Creating gphoto config directory ('/home/ian/.gphoto')
0.008904 save_settings               (2): Saving 3 setting(s) to file "/home/ian/.gphoto/settings"
0.009057 gp_camera_init              (2): Initializing camera...
0.009070 gp_libusb1_find_device_lib  (2): Looking for USB device (vendor 0x25fb, product 0x189)... found.
0.009084 gp_libusb1_find_device_lib  (2): Detected defaults: config 1, interface 0, altsetting 0, inep 81, outep 01, intep 82, class 06, subclass 01
0.009088 gp_camera_init              (2): Loading '/home/ian/Documents/VSCodeProjects/LibGphoto2/libgphoto2/_build/camlibs/ptp2'...
0.009469 gp_port_open                (2): Opening USB port...
0.009471 gp_libusb1_open             (2): ()
0.009486 gp_libusb1_open             (2): claiming interface 0
0.009541 camera_init                 (2): maxpacketsize 512
0.009546 gp_port_set_timeout         (2): Setting port timeout to 8000 milliseconds.
0.009550 ptp                         (2): PTP: Opening session
0.009555 ptp_usb_sendreq             (2): Sending PTP_OC 0x1002 (Open session) (0x1) request...
0.009557 gp_port_write               (3): Writing 16 = 0x10 bytes to port...
0.010016 gp_port_write               (3): Wrote   16 = 0x10 bytes to port: (hexdump of 16 bytes)
0000  10 00 00 00 01 00 02 10-00 00 00 00 01 00 00 00  ................

0.010019 ptp_usb_getresp             (2): Reading PTP_OC 0x1002 (Open session) response...
0.010021 gp_port_read                (3): Reading 1024 = 0x400 bytes from port...
0.014851 gp_port_read                (3): Read    12 = 0xc out of 1024 bytes from port: (hexdump of 12 bytes)
0000  0c 00 00 00 03 00 01 20-00 00 00 00              ....... ....    

0.014853 gp_port_set_timeout         (2): Setting port timeout to 20000 milliseconds.
0.014856 ptp_usb_sendreq             (2): Sending PTP_OC 0x1001 (Get device info) request...
0.014856 gp_port_write               (3): Writing 12 = 0xc bytes to port...
0.015102 gp_port_write               (3): Wrote   12 = 0xc bytes to port: (hexdump of 12 bytes)
0000  0c 00 00 00 01 00 01 10-01 00 00 00              ............    

0.015104 ptp_usb_getdata             (2): Reading PTP_OC 0x1001 (Get device info) data...
0.015105 gp_port_read                (3): Reading 1024 = 0x400 bytes from port...
0.018482 gp_port_read                (3): Read    315 = 0x13b out of 1024 bytes from port: (hexdump of 315 bytes)
0000  3b 01 00 00 02 00 01 10-01 00 00 00 64 00 06 00  ;...........d...
0010  00 00 6e 00 24 6d 00 69-00 63 00 72 00 6f 00 73  ..n.$m.i.c.r.o.s
0020  00 6f 00 66 00 74 00 2e-00 63 00 6f 00 6d 00 2f  .o.f.t...c.o.m./
0030  00 44 00 65 00 76 00 69-00 63 00 65 00 53 00 65  .D.e.v.i.c.e.S.e
0040  00 72 00 76 00 69 00 63-00 65 00 73 00 3a 00 20  .r.v.i.c.e.s.:. 
0050  00 31 00 2e 00 30 00 3b-00 20 00 00 00 00 00 10  .1...0.;. ......
0060  00 00 00 01 10 02 10 03-10 04 10 05 10 06 10 07  ................
0070  10 08 10 09 10 0a 10 0b-10 0f 10 14 10 15 10 16  ................
0080  10 1b 10 05 00 00 00 02-40 03 40 04 40 05 40 0c  ........@.@.@.@.
0090  40 05 00 00 00 01 50 11-50 06 d4 07 d4 03 d3 05  @.....P.P.......
00a0  00 00 00 01 30 0d 30 00-38 01 38 0d 38 06 00 00  ....0.0.8.8.8...
00b0  00 00 30 01 30 0d 30 00-38 01 38 0d 38 1c 52 00  ..0.0.0.8.8.8.R.
00c0  49 00 43 00 4f 00 48 00-20 00 49 00 4d 00 41 00  I.C.O.H. .I.M.A.
00d0  47 00 49 00 4e 00 47 00-20 00 43 00 4f 00 4d 00  G.I.N.G. .C.O.M.
00e0  50 00 41 00 4e 00 59 00-2c 00 20 00 4c 00 54 00  P.A.N.Y.,. .L.T.
00f0  44 00 2e 00 00 00 14 50-00 45 00 4e 00 54 00 41  D......P.E.N.T.A
0100  00 58 00 20 00 4b 00 2d-00 33 00 20 00 4d 00 61  .X. .K.-.3. .M.a
0110  00 72 00 6b 00 20 00 49-00 49 00 49 00 00 00 05  .r.k. .I.I.I....
0120  32 00 2e 00 32 00 30 00-00 00 08 38 00 30 00 39  2...2.0....8.0.9
0130  00 33 00 30 00 33 00 33-00 00 00                 .3.0.3.3...     

0.018496 ptp_usb_getresp             (2): Reading PTP_OC 0x1001 (Get device info) response...
0.018497 gp_port_read                (3): Reading 1024 = 0x400 bytes from port...
0.018699 gp_port_read                (3): Read    12 = 0xc out of 1024 bytes from port: (hexdump of 12 bytes)
0000  0c 00 00 00 03 00 01 20-01 00 00 00              ....... ....    

0.018705 print_debug_deviceinfo      (2): Device info:
0.018705 print_debug_deviceinfo      (2): Manufacturer: RICOH IMAGING COMPANY, LTD.
0.018706 print_debug_deviceinfo      (2):   Model: PENTAX K-3 Mark III
0.018707 print_debug_deviceinfo      (2):   device version: 2.20
0.018708 print_debug_deviceinfo      (2):   serial number: '8093033'
0.018709 print_debug_deviceinfo      (2): Vendor extension ID: 0x00000006
0.018710 print_debug_deviceinfo      (2): Vendor extension version: 110
0.018712 print_debug_deviceinfo      (2): Vendor extension description: microsoft.com/DeviceServices: 1.0; 
0.018713 print_debug_deviceinfo      (2): Functional Mode: 0x0000
0.018714 print_debug_deviceinfo      (2): PTP Standard Version: 100
0.018714 print_debug_deviceinfo      (2): Supported operations:
0.018715 print_debug_deviceinfo      (2):   0x1001 (Get device info)
0.018716 print_debug_deviceinfo      (2):   0x1002 (Open session)
0.018717 print_debug_deviceinfo      (2):   0x1003 (Close session)
0.018718 print_debug_deviceinfo      (2):   0x1004 (Get storage IDs)
0.018719 print_debug_deviceinfo      (2):   0x1005 (Get storage info)
0.018720 print_debug_deviceinfo      (2):   0x1006 (Get number of objects)
0.018721 print_debug_deviceinfo      (2):   0x1007 (Get object handles)
0.018722 print_debug_deviceinfo      (2):   0x1008 (Get object info)
0.018723 print_debug_deviceinfo      (2):   0x1009 (Get object)
0.018724 print_debug_deviceinfo      (2):   0x100a (Get thumbnail)
0.018725 print_debug_deviceinfo      (2):   0x100b (Delete object)
0.018725 print_debug_deviceinfo      (2):   0x100f (Format storage)
0.018727 print_debug_deviceinfo      (2):   0x1014 (Get device property description)
0.018728 print_debug_deviceinfo      (2):   0x1015 (Get device property value)
0.018729 print_debug_deviceinfo      (2):   0x1016 (Set device property value)
0.018730 print_debug_deviceinfo      (2):   0x101b (Get partial object)
0.018730 print_debug_deviceinfo      (2): Events Supported:
0.018732 print_debug_deviceinfo      (2):   0x4002 (ObjectAdded)
0.018733 print_debug_deviceinfo      (2):   0x4003 (ObjectRemoved)
0.018734 print_debug_deviceinfo      (2):   0x4004 (StoreAdded)
0.018734 print_debug_deviceinfo      (2):   0x4005 (StoreRemoved)
0.018735 print_debug_deviceinfo      (2):   0x400c (StorageInfoChanged)
0.018735 print_debug_deviceinfo      (2): Device Properties Supported:
0.018738 print_debug_deviceinfo      (2):   0x5001 (Battery Level)
0.018740 print_debug_deviceinfo      (2):   0x5011 (Date & Time)
0.018741 print_debug_deviceinfo      (2):   0xd406 (Session Initiator Info)
0.018742 print_debug_deviceinfo      (2):   0xd407 (Perceived Device Type)
0.018743 print_debug_deviceinfo      (2):   0xd303 (Unknown DPC code)
0.018746 print_debug_deviceinfo      (2): Device info:
0.018747 print_debug_deviceinfo      (2): Manufacturer: RICOH IMAGING COMPANY, LTD.
0.018748 print_debug_deviceinfo      (2):   Model: PENTAX K-3 Mark III
0.018749 print_debug_deviceinfo      (2):   device version: 2.20
0.018749 print_debug_deviceinfo      (2):   serial number: '8093033'
0.018750 print_debug_deviceinfo      (2): Vendor extension ID: 0x00000006
0.018750 print_debug_deviceinfo      (2): Vendor extension version: 110
0.018751 print_debug_deviceinfo      (2): Vendor extension description: microsoft.com/DeviceServices: 1.0; 
0.018752 print_debug_deviceinfo      (2): Functional Mode: 0x0000
0.018752 print_debug_deviceinfo      (2): PTP Standard Version: 100
0.018753 print_debug_deviceinfo      (2): Supported operations:
0.018754 print_debug_deviceinfo      (2):   0x1001 (Get device info)
0.018755 print_debug_deviceinfo      (2):   0x1002 (Open session)
0.018757 print_debug_deviceinfo      (2):   0x1003 (Close session)
0.018757 print_debug_deviceinfo      (2):   0x1004 (Get storage IDs)
0.018759 print_debug_deviceinfo      (2):   0x1005 (Get storage info)
0.018759 print_debug_deviceinfo      (2):   0x1006 (Get number of objects)
0.018760 print_debug_deviceinfo      (2):   0x1007 (Get object handles)
0.018761 print_debug_deviceinfo      (2):   0x1008 (Get object info)
0.018762 print_debug_deviceinfo      (2):   0x1009 (Get object)
0.018763 print_debug_deviceinfo      (2):   0x100a (Get thumbnail)
0.018764 print_debug_deviceinfo      (2):   0x100b (Delete object)
0.018765 print_debug_deviceinfo      (2):   0x100f (Format storage)
0.018766 print_debug_deviceinfo      (2):   0x1014 (Get device property description)
0.018767 print_debug_deviceinfo      (2):   0x1015 (Get device property value)
0.018768 print_debug_deviceinfo      (2):   0x1016 (Set device property value)
0.018769 print_debug_deviceinfo      (2):   0x101b (Get partial object)
0.018769 print_debug_deviceinfo      (2): Events Supported:
0.018770 print_debug_deviceinfo      (2):   0x4002 (ObjectAdded)
0.018771 print_debug_deviceinfo      (2):   0x4003 (ObjectRemoved)
0.018771 print_debug_deviceinfo      (2):   0x4004 (StoreAdded)
0.018772 print_debug_deviceinfo      (2):   0x4005 (StoreRemoved)
0.018773 print_debug_deviceinfo      (2):   0x400c (StorageInfoChanged)
0.018773 print_debug_deviceinfo      (2): Device Properties Supported:
0.018774 print_debug_deviceinfo      (2):   0x5001 (Battery Level)
0.018775 print_debug_deviceinfo      (2):   0x5011 (Date & Time)
0.018776 print_debug_deviceinfo      (2):   0xd406 (Session Initiator Info)
0.018777 print_debug_deviceinfo      (2):   0xd407 (Perceived Device Type)
0.018778 print_debug_deviceinfo      (2):   0xd303 (Unknown DPC code)
0.018781 ptp_usb_sendreq             (2): Sending PTP_OC 0x9001 (Unknown PTP_OC) request...
0.018782 gp_port_write               (3): Writing 32 = 0x20 bytes to port...
0.018923 gp_port_write               (3): Wrote   32 = 0x20 bytes to port: (hexdump of 32 bytes)
0000  20 00 00 00 01 00 01 90-02 00 00 00 0d 00 00 00   ...............
0010  54 32 01 00 01 00 00 00-01 00 00 00 00 00 00 00  T2..............

0.018925 ptp_usb_getresp             (2): Reading PTP_OC 0x9001 (Unknown PTP_OC) response...
0.018925 gp_port_read                (3): Reading 1024 = 0x400 bytes from port...
0.030716 gp_port_read                (3): Read    20 = 0x14 out of 1024 bytes from port: (hexdump of 20 bytes)
0000  14 00 00 00 03 00 01 20-02 00 00 00 00 00 00 00  ....... ........
0010  00 00 00 00            -                         ....            

0.030729 gp_context_status           (2): Pentax init stage vendor enable succeeded; function flags 0x00000000.
0.030735 camera_init                 (2): Pentax vendor mode enabled, function flags 0x00000000
0.030739 ptp_usb_sendreq             (2): Sending PTP_OC 0x1001 (Get device info) request...
0.030741 gp_port_write               (3): Writing 12 = 0xc bytes to port...
0.030992 gp_port_write               (3): Wrote   12 = 0xc bytes to port: (hexdump of 12 bytes)
0000  0c 00 00 00 01 00 01 10-03 00 00 00              ............    

0.030997 ptp_usb_getdata             (2): Reading PTP_OC 0x1001 (Get device info) data...
0.030998 gp_port_read                (3): Reading 1024 = 0x400 bytes from port...
0.037255 gp_port_read                (3): Read    413 = 0x19d out of 1024 bytes from port: (hexdump of 413 bytes)
0000  9d 01 00 00 02 00 01 10-03 00 00 00 64 00 06 00  ............d...
0010  00 00 6e 00 24 6d 00 69-00 63 00 72 00 6f 00 73  ..n.$m.i.c.r.o.s
0020  00 6f 00 66 00 74 00 2e-00 63 00 6f 00 6d 00 2f  .o.f.t...c.o.m./
0030  00 44 00 65 00 76 00 69-00 63 00 65 00 53 00 65  .D.e.v.i.c.e.S.e
0040  00 72 00 76 00 69 00 63-00 65 00 73 00 3a 00 20  .r.v.i.c.e.s.:. 
0050  00 31 00 2e 00 30 00 3b-00 20 00 00 00 00 00 22  .1...0.;. ....."
0060  00 00 00 01 10 02 10 03-10 04 10 05 10 06 10 07  ................
0070  10 08 10 09 10 0a 10 0b-10 0f 10 14 10 15 10 16  ................
0080  10 1b 10 01 90 02 90 03-90 04 90 06 90 07 90 09  ................
0090  90 0b 90 0c 90 0d 90 0e-90 0f 90 11 90 12 90 13  ................
00a0  90 15 90 17 90 18 90 05-00 00 00 02 40 03 40 04  ............@.@.
00b0  40 05 40 0c 40 24 00 00-00 01 50 05 50 07 50 10  @.@.@$....P.P.P.
00c0  50 11 50 14 50 15 50 06-d4 07 d4 03 d3 09 d0 0f  P.P.P.P.........
00d0  d0 13 d0 14 d0 15 d0 18-d0 1b d0 1e d0 20 d0 21  ............. .!
00e0  d0 22 d0 23 d0 24 d0 25-d0 26 d0 27 d0 28 d0 29  .".#.$.%.&.'.(.)
00f0  d0 2a d0 2b d0 2c d0 2d-d0 35 d0 36 d0 37 d0 39  .*.+.,.-.5.6.7.9
0100  d0 05 00 00 00 01 30 0d-30 00 38 01 38 0d 38 06  ......0.0.8.8.8.
0110  00 00 00 00 30 01 30 0d-30 00 38 01 38 0d 38 1c  ....0.0.0.8.8.8.
0120  52 00 49 00 43 00 4f 00-48 00 20 00 49 00 4d 00  R.I.C.O.H. .I.M.
0130  41 00 47 00 49 00 4e 00-47 00 20 00 43 00 4f 00  A.G.I.N.G. .C.O.
0140  4d 00 50 00 41 00 4e 00-59 00 2c 00 20 00 4c 00  M.P.A.N.Y.,. .L.
0150  54 00 44 00 2e 00 00 00-14 50 00 45 00 4e 00 54  T.D......P.E.N.T
0160  00 41 00 58 00 20 00 4b-00 2d 00 33 00 20 00 4d  .A.X. .K.-.3. .M
0170  00 61 00 72 00 6b 00 20-00 49 00 49 00 49 00 00  .a.r.k. .I.I.I..
0180  00 05 32 00 2e 00 32 00-30 00 00 00 08 38 00 30  ..2...2.0....8.0
0190  00 39 00 33 00 30 00 33-00 33 00 00 00           .9.3.0.3.3...   

0.037275 ptp_usb_getresp             (2): Reading PTP_OC 0x1001 (Get device info) response...
0.037276 gp_port_read                (3): Reading 1024 = 0x400 bytes from port...
0.037796 gp_port_read                (3): Read    12 = 0xc out of 1024 bytes from port: (hexdump of 12 bytes)
0000  0c 00 00 00 03 00 01 20-03 00 00 00              ....... ....    

0.037810 ptp_usb_sendreq             (2): Sending PTP_OC 0x1004 (Get storage IDs) request...
0.037812 gp_port_write               (3): Writing 12 = 0xc bytes to port...
0.038041 gp_port_write               (3): Wrote   12 = 0xc bytes to port: (hexdump of 12 bytes)
0000  0c 00 00 00 01 00 04 10-04 00 00 00              ............    

0.038043 ptp_usb_getdata             (2): Reading PTP_OC 0x1004 (Get storage IDs) data...
0.038044 gp_port_read                (3): Reading 1024 = 0x400 bytes from port...
0.039157 gp_port_read                (3): Read    24 = 0x18 out of 1024 bytes from port: (hexdump of 24 bytes)
0000  18 00 00 00 02 00 04 10-04 00 00 00 02 00 00 00  ................
0010  01 00 01 00 00 00 02 00-                         ........        

0.039173 ptp_usb_getresp             (2): Reading PTP_OC 0x1004 (Get storage IDs) response...
0.039177 gp_port_read                (3): Reading 1024 = 0x400 bytes from port...
0.039362 gp_port_read                (3): Read    12 = 0xc out of 1024 bytes from port: (hexdump of 12 bytes)
0000  0c 00 00 00 03 00 01 20-04 00 00 00              ....... ....    

0.039369 ptp                         (2): ptp_list_folder(storage=0x00010001, handle=0xffffffff)
0.039374 ptp_usb_sendreq             (2): Sending PTP_OC 0x1007 (Get object handles) (0x10001,0x0,0xffffffff) request...
0.039375 gp_port_write               (3): Writing 24 = 0x18 bytes to port...
0.039592 gp_port_write               (3): Wrote   24 = 0x18 bytes to port: (hexdump of 24 bytes)
0000  18 00 00 00 01 00 07 10-05 00 00 00 01 00 01 00  ................
0010  00 00 00 00 ff ff ff ff-                         ........        

0.039597 ptp_usb_getdata             (2): Reading PTP_OC 0x1007 (Get object handles) data...
0.039598 gp_port_read                (3): Reading 1024 = 0x400 bytes from port...
0.041304 gp_port_read                (3): Read    20 = 0x14 out of 1024 bytes from port: (hexdump of 20 bytes)
0000  14 00 00 00 02 00 07 10-05 00 00 00 01 00 00 00  ................
0010  00 40 00 05            -                         .@..            

0.041307 ptp_usb_getresp             (2): Reading PTP_OC 0x1007 (Get object handles) response...
0.041308 gp_port_read                (3): Reading 1024 = 0x400 bytes from port...
0.041588 gp_port_read                (3): Read    12 = 0xc out of 1024 bytes from port: (hexdump of 12 bytes)
0000  0c 00 00 00 03 00 01 20-05 00 00 00              ....... ....    

0.041594 ptp                         (2): adding new object: handle 0x05004000 (nrofobs=0,j=0)
0.041595 ptp                         (2):   storage 0x00010001
0.041598 camera_init                 (2): camera_init done

0.041619 gp_camera_get_single_config [gphoto2-camera.c:899](0): 'camera->functions->get_single_config ( camera, name, widget, context)' failed: -2
0.041627 _get_config                 (2): Getting function prop 'Drive Pentax focus near (minimum)' / 0x9017
0.041630 _get_config                 (2): Getting function prop 'Drive Pentax focus far (minimum)' / 0x9017
0.041632 _get_config                 (2): Getting function prop 'PTP Opcode' / 0x1001
0.041634 gp_widget_set_value         (2): Setting value of widget 'PTP Opcode' to '0x1001,0xparam1,0xparam2'...
0.041636 _get_config                 (2): Getting property 'Camera Date and Time' / 0x5011
0.041641 ptp_usb_sendreq             (2): Sending PTP_OC 0x1014 (Get device property description) (0x5011) request...
0.041643 gp_port_write               (3): Writing 16 = 0x10 bytes to port...
0.041821 gp_port_write               (3): Wrote   16 = 0x10 bytes to port: (hexdump of 16 bytes)
0000  10 00 00 00 01 00 14 10-06 00 00 00 11 50 00 00  .............P..

0.041824 ptp_usb_getdata             (2): Reading PTP_OC 0x1014 (Get device property description) data...
0.041824 gp_port_read                (3): Reading 1024 = 0x400 bytes from port...
0.049230 gp_port_read                (3): Read    84 = 0x54 out of 1024 bytes from port: (hexdump of 84 bytes)
0000  54 00 00 00 02 00 14 10-06 00 00 00 11 50 ff ff  T............P..
0010  01 10 32 00 30 00 32 00-31 00 30 00 31 00 30 00  ..2.0.2.1.0.1.0.
0020  31 00 54 00 30 00 30 00-30 00 30 00 30 00 30 00  1.T.0.0.0.0.0.0.
0030  00 00 10 32 00 30 00 32-00 36 00 30 00 38 00 32  ...2.0.2.6.0.8.2
0040  00 36 00 54 00 30 00 30-00 32 00 37 00 32 00 35  .6.T.0.0.2.7.2.5
0050  00 00 00 00            -                         ....            

0.049239 ptp_usb_getresp             (2): Reading PTP_OC 0x1014 (Get device property description) response...
0.049240 gp_port_read                (3): Reading 1024 = 0x400 bytes from port...
0.049498 gp_port_read                (3): Read    12 = 0xc out of 1024 bytes from port: (hexdump of 12 bytes)
0000  0c 00 00 00 03 00 01 20-06 00 00 00              ....... ....    

0.049536 _get_config                 (2): Getting function prop 'Serial Number' / 0x1001
0.049539 gp_widget_set_value         (2): Setting value of widget 'Serial Number' to '8093033'...
0.049541 _get_config                 (2): Getting function prop 'Camera Manufacturer' / 0x1001
0.049543 gp_widget_set_value         (2): Setting value of widget 'Camera Manufacturer' to 'RICOH IMAGING COMPANY, LTD.'...
0.049544 _get_config                 (2): Getting function prop 'Camera Model' / 0x1001
0.049546 gp_widget_set_value         (2): Setting value of widget 'Camera Model' to 'PENTAX K-3 Mark III'...
0.049547 _get_config                 (2): Getting function prop 'Device Version' / 0x1001
0.049550 gp_widget_set_value         (2): Setting value of widget 'Device Version' to '2.20'...
0.049551 _get_config                 (2): Getting function prop 'Vendor Extension' / 0x1001
0.049553 gp_widget_set_value         (2): Setting value of widget 'Vendor Extension' to 'microsoft.com/DeviceServices: 1.0; '...
0.049557 _get_config                 (2): Getting function prop 'Pentax Conditions' / 0x900f
0.049563 ptp_usb_sendreq             (2): Sending PTP_OC 0x900f (Unknown PTP_OC) request...
0.049565 gp_port_write               (3): Writing 12 = 0xc bytes to port...
0.049732 gp_port_write               (3): Wrote   12 = 0xc bytes to port: (hexdump of 12 bytes)
0000  0c 00 00 00 01 00 0f 90-07 00 00 00              ............    

0.049737 ptp_usb_getdata             (2): Reading PTP_OC 0x900f (Unknown PTP_OC) data...
0.049738 gp_port_read                (3): Reading 1024 = 0x400 bytes from port...
0.488473 gp_port_read                (3): Read    588 = 0x24c out of 1024 bytes from port: (hexdump of 588 bytes)
0000  4c 02 00 00 02 00 0f 90-07 00 00 00 8f 00 00 00  L...............
0010  00 00 00 00 00 00 00 00-00 00 00 00 00 00 00 00  ................
0020  00 00 00 00 00 00 00 00-00 00 00 00 00 00 00 00  ................
0030  00 00 00 00 00 00 00 00-00 00 00 00 00 00 00 00  ................
0040  00 00 00 00 00 00 00 00-00 00 00 00 00 00 00 00  ................
0050  0a 00 00 00 00 00 00 00-0a 00 00 00 00 00 00 00  ................
0060  14 00 00 00 0a 00 00 00-03 00 00 00 00 00 00 00  ................
0070  00 00 00 00 00 00 00 20-80 0c 00 00 00 00 00 00  ....... ........
0080  00 00 00 00 11 00 00 00-00 00 00 00 00 00 00 00  ................
0090  02 00 00 00 00 00 00 00-00 00 00 00 01 00 00 00  ................
00a0  00 00 00 00 00 00 00 00-00 00 00 00 00 00 00 00  ................
00b0  00 00 00 00 01 00 00 00-00 00 00 00 00 00 00 00  ................
00c0  00 00 00 00 14 00 00 00-00 00 00 00 00 00 00 00  ................
00d0  02 00 00 00 00 00 00 00-00 00 00 00 00 00 00 00  ................
00e0  00 00 00 00 00 00 00 00-07 00 00 00 00 00 00 00  ................
00f0  00 00 00 00 02 00 00 00-00 00 00 00 01 00 00 00  ................
0100  00 00 00 00 00 00 00 00-00 00 00 00 00 00 00 00  ................
0110  01 00 00 00 00 00 00 00-00 00 00 00 2c 01 00 00  ............,...
0120  01 00 00 00 28 00 00 00-0a 00 00 00 00 00 00 00  ....(...........
0130  0a 00 00 00 00 00 00 00-0a 00 00 00 00 00 00 00  ................
0140  00 00 00 00 80 0c 00 00-00 00 00 00 00 00 00 00  ................
0150  00 00 00 00 1c 00 00 00-0a 00 00 00 00 00 00 00  ................
0160  00 00 00 00 00 00 00 00-00 00 00 00 00 00 00 00  ................
0170  00 00 00 00 00 00 00 00-00 00 00 00 30 02 00 00  ............0...
0180  00 00 00 00 00 00 00 00-00 00 00 00 00 00 00 00  ................
0190  00 00 00 00 00 00 00 00-00 00 00 00 00 00 00 00  ................
01a0  00 00 00 00 00 00 00 00-00 00 00 00 00 00 00 00  ................
01b0  00 00 00 00 00 00 00 00-00 00 00 00 00 00 00 00  ................
01c0  00 00 00 00 00 00 00 00-00 00 00 00 00 00 00 00  ................
01d0  00 00 00 00 34 01 00 00-00 00 00 00 04 00 00 00  ....4...........
01e0  04 00 00 00 00 00 00 00-04 00 00 00 00 00 00 00  ................
01f0  00 00 00 00 01 00 00 00-00 00 00 00 08 00 00 00  ................
0200  01 00 00 00 47 02 00 00-00 00 00 00 00 00 00 00  ....G...........
0210  00 00 00 00 00 00 00 00-02 00 00 00 00 00 00 00  ................
0220  00 00 00 00 00 00 00 00-00 00 00 00 00 00 00 00  ................
0230  00 00 00 00 00 00 00 00-00 00 00 00 00 00 00 00  ................
0240  00 00 00 00 01 00 00 00-0f 00 00 00              ............    

0.488505 ptp_usb_getresp             (2): Reading PTP_OC 0x900f (Unknown PTP_OC) response...
0.488507 gp_port_read                (3): Reading 1024 = 0x400 bytes from port...
0.488819 gp_port_read                (3): Read    12 = 0xc out of 1024 bytes from port: (hexdump of 12 bytes)
0000  0c 00 00 00 03 00 01 20-07 00 00 00              ....... ....    

0.488825 _get_Pentax_Conditions      (2): Pentax conditions response: 576 bytes
0.488834 gp_widget_set_value         (2): Setting value of widget 'Pentax Conditions' to 'state=0; astro-phase=inactive/other; exposure-mode-raw=20; user-mode-raw=0; drive-mode-raw=0; ISO=3200; exposure-step=1; open-av-num=28; shooting=no; processing=no; task-changing=no; Tv-changeable=yes; bulb-timer=yes; bulb-seconds=300/1; aperture=40/10; exposure-comp=0/10; astrotracer3=yes; astro-shift=no; astro-movement-failed=no; astro-time-too-long=no; astro-limit=0; gps-state=0'...
0.488838 _get_config                 (2): Getting function prop 'Pentax Live View Controls' / 0x1015
0.488841 ptp_usb_sendreq             (2): Sending PTP_OC 0x1015 (Get device property value) (0xd009) request...
0.488843 gp_port_write               (3): Writing 16 = 0x10 bytes to port...
0.489329 gp_port_write               (3): Wrote   16 = 0x10 bytes to port: (hexdump of 16 bytes)
0000  10 00 00 00 01 00 15 10-08 00 00 00 09 d0 00 00  ................

0.489336 ptp_usb_getdata             (2): Reading PTP_OC 0x1015 (Get device property value) data...
0.489340 gp_port_read                (3): Reading 1024 = 0x400 bytes from port...
0.505932 gp_port_read                (3): Read    32 = 0x20 out of 1024 bytes from port: (hexdump of 32 bytes)
0000  20 00 00 00 02 00 15 10-08 00 00 00 08 00 00 00   ...............
0010  38 04 d0 02 38 04 d0 02-de 02 b0 01 60 00 60 00  8...8.......`.`.

0.505940 ptp_usb_getresp             (2): Reading PTP_OC 0x1015 (Get device property value) response...
0.505941 gp_port_read                (3): Reading 1024 = 0x400 bytes from port...
0.506188 gp_port_read                (3): Read    12 = 0xc out of 1024 bytes from port: (hexdump of 12 bytes)
0000  0c 00 00 00 03 00 01 20-08 00 00 00              ....... ....    

0.506196 ptp_usb_sendreq             (2): Sending PTP_OC 0x1015 (Get device property value) (0xd036) request...
0.506198 gp_port_write               (3): Writing 16 = 0x10 bytes to port...
0.506449 gp_port_write               (3): Wrote   16 = 0x10 bytes to port: (hexdump of 16 bytes)
0000  10 00 00 00 01 00 15 10-09 00 00 00 36 d0 00 00  ............6...

0.506456 ptp_usb_getdata             (2): Reading PTP_OC 0x1015 (Get device property value) data...
0.506457 gp_port_read                (3): Reading 1024 = 0x400 bytes from port...
0.514805 gp_port_read                (3): Read    20 = 0x14 out of 1024 bytes from port: (hexdump of 20 bytes)
0000  14 00 00 00 02 00 15 10-09 00 00 00 02 00 00 00  ................
0010  1c 02 68 01            -                         ..h.            

0.514813 ptp_usb_getresp             (2): Reading PTP_OC 0x1015 (Get device property value) response...
0.514814 gp_port_read                (3): Reading 1024 = 0x400 bytes from port...
0.515038 gp_port_read                (3): Read    12 = 0xc out of 1024 bytes from port: (hexdump of 12 bytes)
0000  0c 00 00 00 03 00 01 20-09 00 00 00              ....... ....    

0.515047 ptp_usb_sendreq             (2): Sending PTP_OC 0x1015 (Get device property value) (0xd037) request...
0.515048 gp_port_write               (3): Writing 16 = 0x10 bytes to port...
0.515282 gp_port_write               (3): Wrote   16 = 0x10 bytes to port: (hexdump of 16 bytes)
0000  10 00 00 00 01 00 15 10-0a 00 00 00 37 d0 00 00  ............7...

0.515290 ptp_usb_getdata             (2): Reading PTP_OC 0x1015 (Get device property value) data...
0.515291 gp_port_read                (3): Reading 1024 = 0x400 bytes from port...
0.525730 gp_port_read                (3): Read    24 = 0x18 out of 1024 bytes from port: (hexdump of 24 bytes)
0000  18 00 00 00 02 00 15 10-0a 00 00 00 04 00 00 00  ................
0010  1c 02 68 01 01 00 00 00-                         ..h.....        

0.525738 ptp_usb_getresp             (2): Reading PTP_OC 0x1015 (Get device property value) response...
0.525740 gp_port_read                (3): Reading 1024 = 0x400 bytes from port...
0.525982 gp_port_read                (3): Read    12 = 0xc out of 1024 bytes from port: (hexdump of 12 bytes)
0000  0c 00 00 00 03 00 01 20-0a 00 00 00              ....... ....    

0.525992 gp_widget_set_value         (2): Setting value of widget 'Pentax Live View Controls' to 'area=1080x720; active=1080x720; caf-active=734x432; caf-spot=96x96; af-position=540,360; af-response-bytes=8; zoom-raw=1'...
0.525994 _get_config                 (2): Getting function prop 'Pentax Shutter/Bulb Descriptor' / 0x1014
0.525998 ptp_usb_sendreq             (2): Sending PTP_OC 0x1014 (Get device property description) (0xd00f) request...
0.525999 gp_port_write               (3): Writing 16 = 0x10 bytes to port...
0.526229 gp_port_write               (3): Wrote   16 = 0x10 bytes to port: (hexdump of 16 bytes)
0000  10 00 00 00 01 00 14 10-0b 00 00 00 0f d0 00 00  ................

0.526236 ptp_usb_getdata             (2): Reading PTP_OC 0x1014 (Get device property description) data...
0.526238 gp_port_read                (3): Reading 1024 = 0x400 bytes from port...
0.535548 gp_port_read                (3): Read    404 = 0x194 out of 1024 bytes from port: (hexdump of 404 bytes)
0000  94 01 00 00 02 00 14 10-0b 00 00 00 0f d0 08 00  ................
0010  01 00 00 00 00 00 00 00-00 2c 01 00 00 01 00 00  .........,......
0020  00 02 2e 00 01 00 00 00-01 00 00 00 02 00 00 00  ................
0030  01 00 00 00 03 00 00 00-01 00 00 00 04 00 00 00  ................
0040  01 00 00 00 05 00 00 00-01 00 00 00 06 00 00 00  ................
0050  01 00 00 00 07 00 00 00-01 00 00 00 08 00 00 00  ................
0060  01 00 00 00 09 00 00 00-01 00 00 00 0a 00 00 00  ................
0070  01 00 00 00 0f 00 00 00-01 00 00 00 14 00 00 00  ................
0080  01 00 00 00 19 00 00 00-01 00 00 00 1e 00 00 00  ................
0090  01 00 00 00 28 00 00 00-01 00 00 00 32 00 00 00  ....(.......2...
00a0  01 00 00 00 3c 00 00 00-01 00 00 00 46 00 00 00  ....<.......F...
00b0  01 00 00 00 50 00 00 00-01 00 00 00 5a 00 00 00  ....P.......Z...
00c0  01 00 00 00 64 00 00 00-01 00 00 00 6e 00 00 00  ....d.......n...
00d0  01 00 00 00 78 00 00 00-01 00 00 00 82 00 00 00  ....x...........
00e0  01 00 00 00 8c 00 00 00-01 00 00 00 96 00 00 00  ................
00f0  01 00 00 00 a0 00 00 00-01 00 00 00 aa 00 00 00  ................
0100  01 00 00 00 b4 00 00 00-01 00 00 00 be 00 00 00  ................
0110  01 00 00 00 c8 00 00 00-01 00 00 00 d2 00 00 00  ................
0120  01 00 00 00 dc 00 00 00-01 00 00 00 e6 00 00 00  ................
0130  01 00 00 00 f0 00 00 00-01 00 00 00 fa 00 00 00  ................
0140  01 00 00 00 04 01 00 00-01 00 00 00 0e 01 00 00  ................
0150  01 00 00 00 18 01 00 00-01 00 00 00 22 01 00 00  ............"...
0160  01 00 00 00 2c 01 00 00-01 00 00 00 68 01 00 00  ....,.......h...
0170  01 00 00 00 a4 01 00 00-01 00 00 00 e0 01 00 00  ................
0180  01 00 00 00 1c 02 00 00-01 00 00 00 58 02 00 00  ............X...
0190  01 00 00 00            -                         ....            

0.535565 ptp_usb_getresp             (2): Reading PTP_OC 0x1014 (Get device property description) response...
0.535566 gp_port_read                (3): Reading 1024 = 0x400 bytes from port...
0.536002 gp_port_read                (3): Read    12 = 0xc out of 1024 bytes from port: (hexdump of 12 bytes)
0000  0c 00 00 00 03 00 01 20-0b 00 00 00              ....... ....    

0.536012 ptp_usb_sendreq             (2): Sending PTP_OC 0x1015 (Get device property value) (0xd00f) request...
0.536013 gp_port_write               (3): Writing 16 = 0x10 bytes to port...
0.536252 gp_port_write               (3): Wrote   16 = 0x10 bytes to port: (hexdump of 16 bytes)
0000  10 00 00 00 01 00 15 10-0c 00 00 00 0f d0 00 00  ................

0.536259 ptp_usb_getdata             (2): Reading PTP_OC 0x1015 (Get device property value) data...
0.536260 gp_port_read                (3): Reading 1024 = 0x400 bytes from port...
0.543488 gp_port_read                (3): Read    20 = 0x14 out of 1024 bytes from port: (hexdump of 20 bytes)
0000  14 00 00 00 02 00 15 10-0c 00 00 00 2c 01 00 00  ............,...
0010  01 00 00 00            -                         ....            

0.543495 ptp_usb_getresp             (2): Reading PTP_OC 0x1015 (Get device property value) response...
0.543497 gp_port_read                (3): Reading 1024 = 0x400 bytes from port...
0.543729 gp_port_read                (3): Read    12 = 0xc out of 1024 bytes from port: (hexdump of 12 bytes)
0000  0c 00 00 00 03 00 01 20-0c 00 00 00              ....... ....    

0.543737 gp_widget_set_value         (2): Setting value of widget 'Pentax Shutter/Bulb Descriptor' to 'code=0xd00f; datatype=0x0008; getset=1; form=2; enum-count=46; value-bytes=8; value-hex=2c01000001000000'...
0.543739 _get_config                 (2): Getting function prop 'Pentax Aperture Descriptor' / 0x1014
0.543743 ptp_usb_sendreq             (2): Sending PTP_OC 0x1014 (Get device property description) (0x5007) request...
0.543744 gp_port_write               (3): Writing 16 = 0x10 bytes to port...
0.543966 gp_port_write               (3): Wrote   16 = 0x10 bytes to port: (hexdump of 16 bytes)
0000  10 00 00 00 01 00 14 10-0d 00 00 00 07 50 00 00  .............P..

0.543973 ptp_usb_getdata             (2): Reading PTP_OC 0x1014 (Get device property description) data...
0.543979 gp_port_read                (3): Reading 1024 = 0x400 bytes from port...
0.552299 gp_port_read                (3): Read    62 = 0x3e out of 1024 bytes from port: (hexdump of 62 bytes)
0000  3e 00 00 00 02 00 14 10-0d 00 00 00 07 50 04 00  >............P..
0010  01 20 03 90 01 02 13 00-98 08 d0 07 08 07 40 06  . ............@.
0020  78 05 14 05 4c 04 e8 03-84 03 20 03 c6 02 76 02  x...L..... ...v.
0030  30 02 f4 01 c2 01 90 01-5e 01 40 01 18 01        0.......^.@...  

0.552308 ptp_usb_getresp             (2): Reading PTP_OC 0x1014 (Get device property description) response...
0.552309 gp_port_read                (3): Reading 1024 = 0x400 bytes from port...
0.552520 gp_port_read                (3): Read    12 = 0xc out of 1024 bytes from port: (hexdump of 12 bytes)
0000  0c 00 00 00 03 00 01 20-0d 00 00 00              ....... ....    

0.552529 ptp_usb_sendreq             (2): Sending PTP_OC 0x1015 (Get device property value) (0x5007) request...
0.552530 gp_port_write               (3): Writing 16 = 0x10 bytes to port...
0.552763 gp_port_write               (3): Wrote   16 = 0x10 bytes to port: (hexdump of 16 bytes)
0000  10 00 00 00 01 00 15 10-0e 00 00 00 07 50 00 00  .............P..

0.552771 ptp_usb_getdata             (2): Reading PTP_OC 0x1015 (Get device property value) data...
0.552772 gp_port_read                (3): Reading 1024 = 0x400 bytes from port...
0.560953 gp_port_read                (3): Read    14 = 0xe out of 1024 bytes from port: (hexdump of 14 bytes)
0000  0e 00 00 00 02 00 15 10-0e 00 00 00 90 01        ..............  

0.560964 ptp_usb_getresp             (2): Reading PTP_OC 0x1015 (Get device property value) response...
0.560966 gp_port_read                (3): Reading 1024 = 0x400 bytes from port...
0.561213 gp_port_read                (3): Read    12 = 0xc out of 1024 bytes from port: (hexdump of 12 bytes)
0000  0c 00 00 00 03 00 01 20-0e 00 00 00              ....... ....    

0.561223 gp_widget_set_value         (2): Setting value of widget 'Pentax Aperture Descriptor' to 'code=0x5007; datatype=0x0004; getset=1; form=2; enum-count=19; value-bytes=2; value-hex=9001'...
0.561226 _get_config                 (2): Getting function prop 'Pentax ISO Descriptor' / 0x1014
0.561233 ptp_usb_sendreq             (2): Sending PTP_OC 0x1014 (Get device property description) (0xd01e) request...
0.561235 gp_port_write               (3): Writing 16 = 0x10 bytes to port...
0.561466 gp_port_write               (3): Wrote   16 = 0x10 bytes to port: (hexdump of 16 bytes)
0000  10 00 00 00 01 00 14 10-0f 00 00 00 1e d0 00 00  ................

0.561479 ptp_usb_getdata             (2): Reading PTP_OC 0x1014 (Get device property description) data...
0.561481 gp_port_read                (3): Reading 1024 = 0x400 bytes from port...
0.571416 gp_port_read                (3): Read    88 = 0x58 out of 1024 bytes from port: (hexdump of 88 bytes)
0000  58 00 00 00 02 00 14 10-0f 00 00 00 1e d0 06 00  X...............
0010  01 64 00 00 00 80 0c 00-00 02 0f 00 64 00 00 00  .d..........d...
0020  c8 00 00 00 90 01 00 00-20 03 00 00 40 06 00 00  ........ ...@...
0030  80 0c 00 00 00 19 00 00-00 32 00 00 00 64 00 00  .........2...d..
0040  00 c8 00 00 00 90 01 00-00 20 03 00 00 40 06 00  ......... ...@..
0050  00 80 0c 00 00 6a 18 00-                         .....j..        

0.571425 ptp_usb_getresp             (2): Reading PTP_OC 0x1014 (Get device property description) response...
0.571426 gp_port_read                (3): Reading 1024 = 0x400 bytes from port...
0.571673 gp_port_read                (3): Read    12 = 0xc out of 1024 bytes from port: (hexdump of 12 bytes)
0000  0c 00 00 00 03 00 01 20-0f 00 00 00              ....... ....    

0.571681 ptp_usb_sendreq             (2): Sending PTP_OC 0x1015 (Get device property value) (0xd01e) request...
0.571682 gp_port_write               (3): Writing 16 = 0x10 bytes to port...
0.571923 gp_port_write               (3): Wrote   16 = 0x10 bytes to port: (hexdump of 16 bytes)
0000  10 00 00 00 01 00 15 10-10 00 00 00 1e d0 00 00  ................

0.571933 ptp_usb_getdata             (2): Reading PTP_OC 0x1015 (Get device property value) data...
0.571934 gp_port_read                (3): Reading 1024 = 0x400 bytes from port...
0.577968 gp_port_read                (3): Read    16 = 0x10 out of 1024 bytes from port: (hexdump of 16 bytes)
0000  10 00 00 00 02 00 15 10-10 00 00 00 80 0c 00 00  ................

0.577974 ptp_usb_getresp             (2): Reading PTP_OC 0x1015 (Get device property value) response...
0.577980 gp_port_read                (3): Reading 1024 = 0x400 bytes from port...
0.578189 gp_port_read                (3): Read    12 = 0xc out of 1024 bytes from port: (hexdump of 12 bytes)
0000  0c 00 00 00 03 00 01 20-10 00 00 00              ....... ....    

0.578193 gp_widget_set_value         (2): Setting value of widget 'Pentax ISO Descriptor' to 'code=0xd01e; datatype=0x0006; getset=1; form=2; enum-count=15; value-bytes=4; value-hex=800c0000'...
0.578195 _get_config                 (2): Getting function prop 'Pentax Exposure Compensation Descriptor' / 0x1014
0.578198 ptp_usb_sendreq             (2): Sending PTP_OC 0x1014 (Get device property description) (0x5010) request...
0.578198 gp_port_write               (3): Writing 16 = 0x10 bytes to port...
0.578426 gp_port_write               (3): Wrote   16 = 0x10 bytes to port: (hexdump of 16 bytes)
0000  10 00 00 00 01 00 14 10-11 00 00 00 10 50 00 00  .............P..

0.578429 ptp_usb_getdata             (2): Reading PTP_OC 0x1014 (Get device property description) data...
0.578430 gp_port_read                (3): Reading 1024 = 0x400 bytes from port...
0.586824 gp_port_read                (3): Read    24 = 0x18 out of 1024 bytes from port: (hexdump of 24 bytes)
0000  18 00 00 00 02 00 14 10-11 00 00 00 10 50 03 00  .............P..
0010  01 00 00 00 00 02 00 00-                         ........        

0.586831 ptp_usb_getresp             (2): Reading PTP_OC 0x1014 (Get device property description) response...
0.586832 gp_port_read                (3): Reading 1024 = 0x400 bytes from port...
0.587060 gp_port_read                (3): Read    12 = 0xc out of 1024 bytes from port: (hexdump of 12 bytes)
0000  0c 00 00 00 03 00 01 20-11 00 00 00              ....... ....    

0.587068 ptp_usb_sendreq             (2): Sending PTP_OC 0x1015 (Get device property value) (0x5010) request...
0.587069 gp_port_write               (3): Writing 16 = 0x10 bytes to port...
0.587355 gp_port_write               (3): Wrote   16 = 0x10 bytes to port: (hexdump of 16 bytes)
0000  10 00 00 00 01 00 15 10-12 00 00 00 10 50 00 00  .............P..

0.587362 ptp_usb_getdata             (2): Reading PTP_OC 0x1015 (Get device property value) data...
0.587363 gp_port_read                (3): Reading 1024 = 0x400 bytes from port...
0.594946 gp_port_read                (3): Read    14 = 0xe out of 1024 bytes from port: (hexdump of 14 bytes)
0000  0e 00 00 00 02 00 15 10-12 00 00 00 00 00        ..............  

0.594953 ptp_usb_getresp             (2): Reading PTP_OC 0x1015 (Get device property value) response...
0.594954 gp_port_read                (3): Reading 1024 = 0x400 bytes from port...
0.595205 gp_port_read                (3): Read    12 = 0xc out of 1024 bytes from port: (hexdump of 12 bytes)
0000  0c 00 00 00 03 00 01 20-12 00 00 00              ....... ....    

0.595212 gp_widget_set_value         (2): Setting value of widget 'Pentax Exposure Compensation Descriptor' to 'code=0x5010; datatype=0x0003; getset=1; form=2; enum-count=0; value-bytes=2; value-hex=0000'...
0.595214 _get_config                 (2): Getting function prop 'Pentax Focal Length Descriptor' / 0x1014
0.595217 ptp_usb_sendreq             (2): Sending PTP_OC 0x1014 (Get device property description) (0x5008) request...
0.595218 gp_port_write               (3): Writing 16 = 0x10 bytes to port...
0.595498 gp_port_write               (3): Wrote   16 = 0x10 bytes to port: (hexdump of 16 bytes)
0000  10 00 00 00 01 00 14 10-13 00 00 00 08 50 00 00  .............P..

0.595505 ptp_usb_getdata             (2): Reading PTP_OC 0x1014 (Get device property description) data...
0.595509 gp_port_read                (3): Reading 1024 = 0x400 bytes from port...
0.596645 gp_port_read                (3): Read    12 = 0xc out of 1024 bytes from port: (hexdump of 12 bytes)
0000  0c 00 00 00 03 00 0a 20-13 00 00 00              ....... ....    

0.596654 ptp_usb_getresp             (2): Reading PTP_OC 0x1014 (Get device property description) response...
0.596655 ptp_usb_getpacket           (2): Returning previously buffered response packet.
0.596659 ptp_usb_getresp [usb.c:495] (0): PTP_OC 0x1014 receiving resp failed: PTP Device Prop Not Supported (0x200a)
0.596662 ptp_usb_sendreq             (2): Sending PTP_OC 0x1014 (Get device property description) (0x5008) request...
0.596663 gp_port_write               (3): Writing 16 = 0x10 bytes to port...
0.597008 gp_port_write               (3): Wrote   16 = 0x10 bytes to port: (hexdump of 16 bytes)
0000  10 00 00 00 01 00 14 10-14 00 00 00 08 50 00 00  .............P..

0.597015 ptp_usb_getdata             (2): Reading PTP_OC 0x1014 (Get device property description) data...
0.597016 gp_port_read                (3): Reading 1024 = 0x400 bytes from port...
0.598219 gp_port_read                (3): Read    12 = 0xc out of 1024 bytes from port: (hexdump of 12 bytes)
0000  0c 00 00 00 03 00 0a 20-14 00 00 00              ....... ....    

0.598227 ptp_usb_getresp             (2): Reading PTP_OC 0x1014 (Get device property description) response...
0.598228 ptp_usb_getpacket           (2): Returning previously buffered response packet.
0.598229 ptp_usb_getresp [usb.c:495] (0): PTP_OC 0x1014 receiving resp failed: PTP Device Prop Not Supported (0x200a)
0.598233 _get_config                 (2): Failed to parse value of property 'Pentax Focal Length Descriptor' / 0x0000: error code -1
0.598235 _get_config                 (2): Getting function prop 'Pentax White Balance Descriptor' / 0x1014
0.598238 ptp_usb_sendreq             (2): Sending PTP_OC 0x1014 (Get device property description) (0x5005) request...
0.598239 gp_port_write               (3): Writing 16 = 0x10 bytes to port...
0.598439 gp_port_write               (3): Wrote   16 = 0x10 bytes to port: (hexdump of 16 bytes)
0000  10 00 00 00 01 00 14 10-15 00 00 00 05 50 00 00  .............P..

0.598444 ptp_usb_getdata             (2): Reading PTP_OC 0x1014 (Get device property description) data...
0.598445 gp_port_read                (3): Reading 1024 = 0x400 bytes from port...
0.610813 gp_port_read                (3): Read    58 = 0x3a out of 1024 bytes from port: (hexdump of 58 bytes)
0000  3a 00 00 00 02 00 14 10-15 00 00 00 05 50 04 00  :............P..
0010  01 02 00 0f 80 02 11 00-02 00 0f 80 04 00 02 80  ................
0020  03 80 04 80 05 80 06 80-0d 80 06 00 0e 80 07 80  ................
0030  08 80 09 80 0a 80 0b 80-0c 80                    ..........      

0.610821 ptp_usb_getresp             (2): Reading PTP_OC 0x1014 (Get device property description) response...
0.610823 gp_port_read                (3): Reading 1024 = 0x400 bytes from port...
0.611067 gp_port_read                (3): Read    12 = 0xc out of 1024 bytes from port: (hexdump of 12 bytes)
0000  0c 00 00 00 03 00 01 20-15 00 00 00              ....... ....    

0.611076 ptp_usb_sendreq             (2): Sending PTP_OC 0x1015 (Get device property value) (0x5005) request...
0.611077 gp_port_write               (3): Writing 16 = 0x10 bytes to port...
0.611315 gp_port_write               (3): Wrote   16 = 0x10 bytes to port: (hexdump of 16 bytes)
0000  10 00 00 00 01 00 15 10-16 00 00 00 05 50 00 00  .............P..

0.611322 ptp_usb_getdata             (2): Reading PTP_OC 0x1015 (Get device property value) data...
0.611324 gp_port_read                (3): Reading 1024 = 0x400 bytes from port...
0.619836 gp_port_read                (3): Read    14 = 0xe out of 1024 bytes from port: (hexdump of 14 bytes)
0000  0e 00 00 00 02 00 15 10-16 00 00 00 0f 80        ..............  

0.619843 ptp_usb_getresp             (2): Reading PTP_OC 0x1015 (Get device property value) response...
0.619846 gp_port_read                (3): Reading 1024 = 0x400 bytes from port...
0.620103 gp_port_read                (3): Read    12 = 0xc out of 1024 bytes from port: (hexdump of 12 bytes)
0000  0c 00 00 00 03 00 01 20-16 00 00 00              ....... ....    

0.620110 gp_widget_set_value         (2): Setting value of widget 'Pentax White Balance Descriptor' to 'code=0x5005; datatype=0x0004; getset=1; form=2; enum-count=17; value-bytes=2; value-hex=0f80'...
0.620113 _get_config                 (2): Getting function prop 'Pentax Drive Mode Descriptor' / 0x1014
0.620117 ptp_usb_sendreq             (2): Sending PTP_OC 0x1014 (Get device property description) (0xd013) request...
0.620118 gp_port_write               (3): Writing 16 = 0x10 bytes to port...
0.620348 gp_port_write               (3): Wrote   16 = 0x10 bytes to port: (hexdump of 16 bytes)
0000  10 00 00 00 01 00 14 10-17 00 00 00 13 d0 00 00  ................

0.620355 ptp_usb_getdata             (2): Reading PTP_OC 0x1014 (Get device property description) data...
0.620356 gp_port_read                (3): Reading 1024 = 0x400 bytes from port...
0.636551 gp_port_read                (3): Read    25 = 0x19 out of 1024 bytes from port: (hexdump of 25 bytes)
0000  19 00 00 00 02 00 14 10-17 00 00 00 13 d0 02 00  ................
0010  01 00 00 02 03 00 00 0c-0e                       .........       

0.636558 ptp_usb_getresp             (2): Reading PTP_OC 0x1014 (Get device property description) response...
0.636559 gp_port_read                (3): Reading 1024 = 0x400 bytes from port...
0.636812 gp_port_read                (3): Read    12 = 0xc out of 1024 bytes from port: (hexdump of 12 bytes)
0000  0c 00 00 00 03 00 01 20-17 00 00 00              ....... ....    

0.636820 ptp_usb_sendreq             (2): Sending PTP_OC 0x1015 (Get device property value) (0xd013) request...
0.636822 gp_port_write               (3): Writing 16 = 0x10 bytes to port...
0.637046 gp_port_write               (3): Wrote   16 = 0x10 bytes to port: (hexdump of 16 bytes)
0000  10 00 00 00 01 00 15 10-18 00 00 00 13 d0 00 00  ................

0.637053 ptp_usb_getdata             (2): Reading PTP_OC 0x1015 (Get device property value) data...
0.637054 gp_port_read                (3): Reading 1024 = 0x400 bytes from port...
0.648452 gp_port_read                (3): Read    13 = 0xd out of 1024 bytes from port: (hexdump of 13 bytes)
0000  0d 00 00 00 02 00 15 10-18 00 00 00 00           .............   

0.648461 ptp_usb_getresp             (2): Reading PTP_OC 0x1015 (Get device property value) response...
0.648462 gp_port_read                (3): Reading 1024 = 0x400 bytes from port...
0.648693 gp_port_read                (3): Read    12 = 0xc out of 1024 bytes from port: (hexdump of 12 bytes)
0000  0c 00 00 00 03 00 01 20-18 00 00 00              ....... ....    

0.648703 gp_widget_set_value         (2): Setting value of widget 'Pentax Drive Mode Descriptor' to 'code=0xd013; datatype=0x0002; getset=1; form=2; enum-count=3; value-bytes=1; value-hex=00'...
0.648707 _get_config                 (2): Getting function prop 'Pentax Focus Peaking Descriptor' / 0x1014
0.648713 ptp_usb_sendreq             (2): Sending PTP_OC 0x1014 (Get device property description) (0xd02b) request...
0.648715 gp_port_write               (3): Writing 16 = 0x10 bytes to port...
0.648932 gp_port_write               (3): Wrote   16 = 0x10 bytes to port: (hexdump of 16 bytes)
0000  10 00 00 00 01 00 14 10-19 00 00 00 2b d0 00 00  ............+...

0.648942 ptp_usb_getdata             (2): Reading PTP_OC 0x1014 (Get device property description) data...
0.648944 gp_port_read                (3): Reading 1024 = 0x400 bytes from port...
0.659380 gp_port_read                (3): Read    25 = 0x19 out of 1024 bytes from port: (hexdump of 25 bytes)
0000  19 00 00 00 02 00 14 10-19 00 00 00 2b d0 02 00  ............+...
0010  01 00 00 02 03 00 00 01-02                       .........       

0.659391 ptp_usb_getresp             (2): Reading PTP_OC 0x1014 (Get device property description) response...
0.659392 gp_port_read                (3): Reading 1024 = 0x400 bytes from port...
0.659636 gp_port_read                (3): Read    12 = 0xc out of 1024 bytes from port: (hexdump of 12 bytes)
0000  0c 00 00 00 03 00 01 20-19 00 00 00              ....... ....    

0.659644 ptp_usb_sendreq             (2): Sending PTP_OC 0x1015 (Get device property value) (0xd02b) request...
0.659646 gp_port_write               (3): Writing 16 = 0x10 bytes to port...
0.659894 gp_port_write               (3): Wrote   16 = 0x10 bytes to port: (hexdump of 16 bytes)
0000  10 00 00 00 01 00 15 10-1a 00 00 00 2b d0 00 00  ............+...

0.659899 ptp_usb_getdata             (2): Reading PTP_OC 0x1015 (Get device property value) data...
0.659900 gp_port_read                (3): Reading 1024 = 0x400 bytes from port...
0.665875 gp_port_read                (3): Read    14 = 0xe out of 1024 bytes from port: (hexdump of 14 bytes)
0000  0e 00 00 00 02 00 15 10-1a 00 00 00 00 00        ..............  

0.665879 ptp_usb_getresp             (2): Reading PTP_OC 0x1015 (Get device property value) response...
0.665880 gp_port_read                (3): Reading 1024 = 0x400 bytes from port...
0.666101 gp_port_read                (3): Read    12 = 0xc out of 1024 bytes from port: (hexdump of 12 bytes)
0000  0c 00 00 00 03 00 01 20-1a 00 00 00              ....... ....    

0.666106 gp_widget_set_value         (2): Setting value of widget 'Pentax Focus Peaking Descriptor' to 'code=0xd02b; datatype=0x0002; getset=1; form=2; enum-count=3; value-bytes=2; value-hex=0000'...
0.666108 _get_config                 (2): Getting function prop 'Pentax PC Live View Descriptor' / 0x1014
0.666112 ptp_usb_sendreq             (2): Sending PTP_OC 0x1014 (Get device property description) (0xd035) request...
0.666113 gp_port_write               (3): Writing 16 = 0x10 bytes to port...
0.666339 gp_port_write               (3): Wrote   16 = 0x10 bytes to port: (hexdump of 16 bytes)
0000  10 00 00 00 01 00 14 10-1b 00 00 00 35 d0 00 00  ............5...

0.666343 ptp_usb_getdata             (2): Reading PTP_OC 0x1014 (Get device property description) data...
0.666344 gp_port_read                (3): Reading 1024 = 0x400 bytes from port...
0.676789 gp_port_read                (3): Read    24 = 0x18 out of 1024 bytes from port: (hexdump of 24 bytes)
0000  18 00 00 00 02 00 14 10-1b 00 00 00 35 d0 02 00  ............5...
0010  01 00 00 02 02 00 00 01-                         ........        

0.676802 ptp_usb_getresp             (2): Reading PTP_OC 0x1014 (Get device property description) response...
0.676804 gp_port_read                (3): Reading 1024 = 0x400 bytes from port...
0.677058 gp_port_read                (3): Read    12 = 0xc out of 1024 bytes from port: (hexdump of 12 bytes)
0000  0c 00 00 00 03 00 01 20-1b 00 00 00              ....... ....    

0.677087 ptp_usb_sendreq             (2): Sending PTP_OC 0x1015 (Get device property value) (0xd035) request...
0.677090 gp_port_write               (3): Writing 16 = 0x10 bytes to port...
0.677322 gp_port_write               (3): Wrote   16 = 0x10 bytes to port: (hexdump of 16 bytes)
0000  10 00 00 00 01 00 15 10-1c 00 00 00 35 d0 00 00  ............5...

0.677341 ptp_usb_getdata             (2): Reading PTP_OC 0x1015 (Get device property value) data...
0.677344 gp_port_read                (3): Reading 1024 = 0x400 bytes from port...
0.683195 gp_port_read                (3): Read    13 = 0xd out of 1024 bytes from port: (hexdump of 13 bytes)
0000  0d 00 00 00 02 00 15 10-1c 00 00 00 00           .............   

0.683199 ptp_usb_getresp             (2): Reading PTP_OC 0x1015 (Get device property value) response...
0.683200 gp_port_read                (3): Reading 1024 = 0x400 bytes from port...
0.683421 gp_port_read                (3): Read    12 = 0xc out of 1024 bytes from port: (hexdump of 12 bytes)
0000  0c 00 00 00 03 00 01 20-1c 00 00 00              ....... ....    

0.683426 gp_widget_set_value         (2): Setting value of widget 'Pentax PC Live View Descriptor' to 'code=0xd035; datatype=0x0002; getset=1; form=2; enum-count=2; value-bytes=1; value-hex=00'...
0.683432 _get_config                 (2): Getting function prop 'Pentax Focus Peaking' / 0x1015
0.683434 ptp_usb_sendreq             (2): Sending PTP_OC 0x1015 (Get device property value) (0xd02b) request...
0.683435 gp_port_write               (3): Writing 16 = 0x10 bytes to port...
0.683660 gp_port_write               (3): Wrote   16 = 0x10 bytes to port: (hexdump of 16 bytes)
0000  10 00 00 00 01 00 15 10-1d 00 00 00 2b d0 00 00  ............+...

0.683663 ptp_usb_getdata             (2): Reading PTP_OC 0x1015 (Get device property value) data...
0.683664 gp_port_read                (3): Reading 1024 = 0x400 bytes from port...
0.691802 gp_port_read                (3): Read    14 = 0xe out of 1024 bytes from port: (hexdump of 14 bytes)
0000  0e 00 00 00 02 00 15 10-1d 00 00 00 00 00        ..............  

0.691808 ptp_usb_getresp             (2): Reading PTP_OC 0x1015 (Get device property value) response...
0.691810 gp_port_read                (3): Reading 1024 = 0x400 bytes from port...
0.692049 gp_port_read                (3): Read    12 = 0xc out of 1024 bytes from port: (hexdump of 12 bytes)
0000  0c 00 00 00 03 00 01 20-1d 00 00 00              ....... ....    

0.692056 gp_widget_set_value         (2): Setting value of widget 'Pentax Focus Peaking' to 'off'...
0.692058 _get_config                 (2): Getting function prop 'Pentax PC Live View Mode' / 0x1015
0.692060 ptp_usb_sendreq             (2): Sending PTP_OC 0x1015 (Get device property value) (0xd035) request...
0.692061 gp_port_write               (3): Writing 16 = 0x10 bytes to port...
0.692301 gp_port_write               (3): Wrote   16 = 0x10 bytes to port: (hexdump of 16 bytes)
0000  10 00 00 00 01 00 15 10-1e 00 00 00 35 d0 00 00  ............5...

0.692304 ptp_usb_getdata             (2): Reading PTP_OC 0x1015 (Get device property value) data...
0.692305 gp_port_read                (3): Reading 1024 = 0x400 bytes from port...
0.698187 gp_port_read                (3): Read    13 = 0xd out of 1024 bytes from port: (hexdump of 13 bytes)
0000  0d 00 00 00 02 00 15 10-1e 00 00 00 00           .............   

0.698197 ptp_usb_getresp             (2): Reading PTP_OC 0x1015 (Get device property value) response...
0.698198 gp_port_read                (3): Reading 1024 = 0x400 bytes from port...
0.698406 gp_port_read                (3): Read    12 = 0xc out of 1024 bytes from port: (hexdump of 12 bytes)
0000  0c 00 00 00 03 00 01 20-1e 00 00 00              ....... ....    

0.698411 gp_widget_set_value         (2): Setting value of widget 'Pentax PC Live View Mode' to 'off'...
0.698413 _get_config                 (2): Getting function prop 'Pentax Exposure Bracketing Mode' / 0x1015
0.698416 ptp_usb_sendreq             (2): Sending PTP_OC 0x1015 (Get device property value) (0xd014) request...
0.698417 gp_port_write               (3): Writing 16 = 0x10 bytes to port...
0.698644 gp_port_write               (3): Wrote   16 = 0x10 bytes to port: (hexdump of 16 bytes)
0000  10 00 00 00 01 00 15 10-1f 00 00 00 14 d0 00 00  ................

0.698647 ptp_usb_getdata             (2): Reading PTP_OC 0x1015 (Get device property value) data...
0.698648 gp_port_read                (3): Reading 1024 = 0x400 bytes from port...
0.708607 gp_port_read                (3): Read    13 = 0xd out of 1024 bytes from port: (hexdump of 13 bytes)
0000  0d 00 00 00 02 00 15 10-1f 00 00 00 00           .............   

0.708614 ptp_usb_getresp             (2): Reading PTP_OC 0x1015 (Get device property value) response...
0.708615 gp_port_read                (3): Reading 1024 = 0x400 bytes from port...
0.708905 gp_port_read                (3): Read    12 = 0xc out of 1024 bytes from port: (hexdump of 12 bytes)
0000  0c 00 00 00 03 00 01 20-1f 00 00 00              ....... ....    

0.708916 gp_widget_set_value         (2): Setting value of widget 'Pentax Exposure Bracketing Mode' to 'off'...
0.708917 _get_config                 (2): Getting function prop 'Pentax Exposure Bracketing Step' / 0x1015
0.708920 ptp_usb_sendreq             (2): Sending PTP_OC 0x1014 (Get device property description) (0xd015) request...
0.708924 gp_port_write               (3): Writing 16 = 0x10 bytes to port...
0.709166 gp_port_write               (3): Wrote   16 = 0x10 bytes to port: (hexdump of 16 bytes)
0000  10 00 00 00 01 00 14 10-20 00 00 00 15 d0 00 00  ........ .......

0.709172 ptp_usb_getdata             (2): Reading PTP_OC 0x1014 (Get device property description) data...
0.709173 gp_port_read                (3): Reading 1024 = 0x400 bytes from port...
0.717789 gp_port_read                (3): Read    37 = 0x25 out of 1024 bytes from port: (hexdump of 37 bytes)
0000  25 00 00 00 02 00 14 10-20 00 00 00 15 d0 02 00  %....... .......
0010  01 00 14 02 0f 00 32 2f-2b 28 25 21 1e 1b 17 14  ......2/+(%!....
0020  11 0d 0a 07 03         -                         .....           

0.717796 ptp_usb_getresp             (2): Reading PTP_OC 0x1014 (Get device property description) response...
0.717797 gp_port_read                (3): Reading 1024 = 0x400 bytes from port...
0.718021 gp_port_read                (3): Read    12 = 0xc out of 1024 bytes from port: (hexdump of 12 bytes)
0000  0c 00 00 00 03 00 01 20-20 00 00 00              .......  ...    

0.718025 ptp_usb_sendreq             (2): Sending PTP_OC 0x1015 (Get device property value) (0xd015) request...
0.718026 gp_port_write               (3): Writing 16 = 0x10 bytes to port...
0.718265 gp_port_write               (3): Wrote   16 = 0x10 bytes to port: (hexdump of 16 bytes)
0000  10 00 00 00 01 00 15 10-21 00 00 00 15 d0 00 00  ........!.......

0.718268 ptp_usb_getdata             (2): Reading PTP_OC 0x1015 (Get device property value) data...
0.718269 gp_port_read                (3): Reading 1024 = 0x400 bytes from port...
0.725992 gp_port_read                (3): Read    13 = 0xd out of 1024 bytes from port: (hexdump of 13 bytes)
0000  0d 00 00 00 02 00 15 10-21 00 00 00 14           ........!....   

0.725999 ptp_usb_getresp             (2): Reading PTP_OC 0x1015 (Get device property value) response...
0.726000 gp_port_read                (3): Reading 1024 = 0x400 bytes from port...
0.726253 gp_port_read                (3): Read    12 = 0xc out of 1024 bytes from port: (hexdump of 12 bytes)
0000  0c 00 00 00 03 00 01 20-21 00 00 00              ....... !...    

0.726268 gp_widget_set_value         (2): Setting value of widget 'Pentax Exposure Bracketing Step' to '2.0'...
0.726270 _get_config                 (2): Getting function prop 'Pentax Custom Image Mode' / 0x1015
0.726271 ptp_usb_sendreq             (2): Sending PTP_OC 0x1015 (Get device property value) (0xd020) request...
0.726272 gp_port_write               (3): Writing 16 = 0x10 bytes to port...
0.726505 gp_port_write               (3): Wrote   16 = 0x10 bytes to port: (hexdump of 16 bytes)
0000  10 00 00 00 01 00 15 10-22 00 00 00 20 d0 00 00  ........"... ...

0.726511 ptp_usb_getdata             (2): Reading PTP_OC 0x1015 (Get device property value) data...
0.726513 gp_port_read                (3): Reading 1024 = 0x400 bytes from port...
0.736695 gp_port_read                (3): Read    13 = 0xd out of 1024 bytes from port: (hexdump of 13 bytes)
0000  0d 00 00 00 02 00 15 10-22 00 00 00 00           ........"....   

0.736705 ptp_usb_getresp             (2): Reading PTP_OC 0x1015 (Get device property value) response...
0.736707 gp_port_read                (3): Reading 1024 = 0x400 bytes from port...
0.736968 gp_port_read                (3): Read    12 = 0xc out of 1024 bytes from port: (hexdump of 12 bytes)
0000  0c 00 00 00 03 00 01 20-22 00 00 00              ....... "...    

0.736987 gp_widget_set_value         (2): Setting value of widget 'Pentax Custom Image Mode' to 'natural'...
0.736990 _get_config                 (2): Getting function prop 'Pentax Composition Adjustment' / 0x1015
0.736994 ptp_usb_sendreq             (2): Sending PTP_OC 0x1015 (Get device property value) (0xd02a) request...
0.736996 gp_port_write               (3): Writing 16 = 0x10 bytes to port...
0.737216 gp_port_write               (3): Wrote   16 = 0x10 bytes to port: (hexdump of 16 bytes)
0000  10 00 00 00 01 00 15 10-23 00 00 00 2a d0 00 00  ........#...*...

0.737225 ptp_usb_getdata             (2): Reading PTP_OC 0x1015 (Get device property value) data...
0.737226 gp_port_read                (3): Reading 1024 = 0x400 bytes from port...
0.743848 gp_port_read                (3): Read    14 = 0xe out of 1024 bytes from port: (hexdump of 14 bytes)
0000  0e 00 00 00 02 00 15 10-23 00 00 00 00 00        ........#.....  

0.743852 ptp_usb_getresp             (2): Reading PTP_OC 0x1015 (Get device property value) response...
0.743854 gp_port_read                (3): Reading 1024 = 0x400 bytes from port...
0.744095 gp_port_read                (3): Read    12 = 0xc out of 1024 bytes from port: (hexdump of 12 bytes)
0000  0c 00 00 00 03 00 01 20-23 00 00 00              ....... #...    

0.744103 gp_widget_set_value         (2): Setting value of widget 'Pentax Composition Adjustment' to 'off'...
0.744105 _get_config                 (2): Getting function prop 'Pentax Cross Process Type' / 0x1015
0.744107 ptp_usb_sendreq             (2): Sending PTP_OC 0x1015 (Get device property value) (0xd02c) request...
0.744109 gp_port_write               (3): Writing 16 = 0x10 bytes to port...
0.744323 gp_port_write               (3): Wrote   16 = 0x10 bytes to port: (hexdump of 16 bytes)
0000  10 00 00 00 01 00 15 10-24 00 00 00 2c d0 00 00  ........$...,...

0.744328 ptp_usb_getdata             (2): Reading PTP_OC 0x1015 (Get device property value) data...
0.744330 gp_port_read                (3): Reading 1024 = 0x400 bytes from port...
0.759568 gp_port_read                (3): Read    13 = 0xd out of 1024 bytes from port: (hexdump of 13 bytes)
0000  0d 00 00 00 02 00 15 10-24 00 00 00 00           ........$....   

0.759578 ptp_usb_getresp             (2): Reading PTP_OC 0x1015 (Get device property value) response...
0.759580 gp_port_read                (3): Reading 1024 = 0x400 bytes from port...
0.759825 gp_port_read                (3): Read    12 = 0xc out of 1024 bytes from port: (hexdump of 12 bytes)
0000  0c 00 00 00 03 00 01 20-24 00 00 00              ....... $...    

0.759838 gp_widget_set_value         (2): Setting value of widget 'Pentax Cross Process Type' to '255'...
0.759840 _get_config                 (2): Getting function prop 'Pentax Movie Mode' / 0x1015
0.759845 ptp_usb_sendreq             (2): Sending PTP_OC 0x1015 (Get device property value) (0xd039) request...
0.759847 gp_port_write               (3): Writing 16 = 0x10 bytes to port...
0.760080 gp_port_write               (3): Wrote   16 = 0x10 bytes to port: (hexdump of 16 bytes)
0000  10 00 00 00 01 00 15 10-25 00 00 00 39 d0 00 00  ........%...9...

0.760090 ptp_usb_getdata             (2): Reading PTP_OC 0x1015 (Get device property value) data...
0.760092 gp_port_read                (3): Reading 1024 = 0x400 bytes from port...
0.766551 gp_port_read                (3): Read    13 = 0xd out of 1024 bytes from port: (hexdump of 13 bytes)
0000  0d 00 00 00 02 00 15 10-25 00 00 00 00           ........%....   

0.766558 ptp_usb_getresp             (2): Reading PTP_OC 0x1015 (Get device property value) response...
0.766559 gp_port_read                (3): Reading 1024 = 0x400 bytes from port...
0.766856 gp_port_read                (3): Read    12 = 0xc out of 1024 bytes from port: (hexdump of 12 bytes)
0000  0c 00 00 00 03 00 01 20-25 00 00 00              ....... %...    

0.766865 gp_widget_set_value         (2): Setting value of widget 'Pentax Movie Mode' to 'off'...
0.766866 _get_config                 (2): Getting function prop 'Pentax Keep Live View' / 0x1015
0.766868 _get_config                 (2): Getting function prop 'Pentax Direct Shutter Speed' / 0x1014
0.766879 gp_widget_set_value         (2): Setting value of widget 'Pentax Direct Shutter Speed' to '300/1'...
0.766883 _get_config                 (2): Getting function prop 'Pentax Direct ISO Speed' / 0x1014
0.766886 gp_widget_set_value         (2): Setting value of widget 'Pentax Direct ISO Speed' to '3200'...
0.766889 _get_config                 (2): Getting function prop 'Pentax Direct Aperture' / 0x1014
0.766892 _get_FNumber                (2): get_FNumber
0.766901 gp_widget_set_value         (2): Setting value of widget 'Pentax Direct Aperture' to 'f/4'...
0.766903 _get_FNumber                (2): get_FNumber via enum
0.766905 _get_config                 (2): Getting function prop 'Pentax Direct Exposure Compensation' / 0x1014
0.766907 gp_widget_set_value         (2): Setting value of widget 'Pentax Direct Exposure Compensation' to '0'...
0.766908 _get_config                 (2): Getting function prop 'Pentax Live View AF Position' / 0x1015
0.766910 ptp_usb_sendreq             (2): Sending PTP_OC 0x1015 (Get device property value) (0xd009) request...
0.766912 gp_port_write               (3): Writing 16 = 0x10 bytes to port...
0.767103 gp_port_write               (3): Wrote   16 = 0x10 bytes to port: (hexdump of 16 bytes)
0000  10 00 00 00 01 00 15 10-26 00 00 00 09 d0 00 00  ........&.......

0.767110 ptp_usb_getdata             (2): Reading PTP_OC 0x1015 (Get device property value) data...
0.767111 gp_port_read                (3): Reading 1024 = 0x400 bytes from port...
0.781240 gp_port_read                (3): Read    32 = 0x20 out of 1024 bytes from port: (hexdump of 32 bytes)
0000  20 00 00 00 02 00 15 10-26 00 00 00 08 00 00 00   .......&.......
0010  38 04 d0 02 38 04 d0 02-de 02 b0 01 60 00 60 00  8...8.......`.`.

0.781250 ptp_usb_getresp             (2): Reading PTP_OC 0x1015 (Get device property value) response...
0.781252 gp_port_read                (3): Reading 1024 = 0x400 bytes from port...
0.781464 gp_port_read                (3): Read    12 = 0xc out of 1024 bytes from port: (hexdump of 12 bytes)
0000  0c 00 00 00 03 00 01 20-26 00 00 00              ....... &...    

0.781475 ptp_usb_sendreq             (2): Sending PTP_OC 0x1015 (Get device property value) (0xd036) request...
0.781477 gp_port_write               (3): Writing 16 = 0x10 bytes to port...
0.781717 gp_port_write               (3): Wrote   16 = 0x10 bytes to port: (hexdump of 16 bytes)
0000  10 00 00 00 01 00 15 10-27 00 00 00 36 d0 00 00  ........'...6...

0.781727 ptp_usb_getdata             (2): Reading PTP_OC 0x1015 (Get device property value) data...
0.781729 gp_port_read                (3): Reading 1024 = 0x400 bytes from port...
0.792125 gp_port_read                (3): Read    20 = 0x14 out of 1024 bytes from port: (hexdump of 20 bytes)
0000  14 00 00 00 02 00 15 10-27 00 00 00 02 00 00 00  ........'.......
0010  1c 02 68 01            -                         ..h.            

0.792131 ptp_usb_getresp             (2): Reading PTP_OC 0x1015 (Get device property value) response...
0.792133 gp_port_read                (3): Reading 1024 = 0x400 bytes from port...
0.792387 gp_port_read                (3): Read    12 = 0xc out of 1024 bytes from port: (hexdump of 12 bytes)
0000  0c 00 00 00 03 00 01 20-27 00 00 00              ....... '...    

0.792395 gp_widget_set_value         (2): Setting value of widget 'Pentax Live View AF Position' to '540,360'...
0.792396 _get_config                 (2): Getting function prop 'Pentax Live View Zoom' / 0x1015
0.792398 ptp_usb_sendreq             (2): Sending PTP_OC 0x1015 (Get device property value) (0xd037) request...
0.792399 gp_port_write               (3): Writing 16 = 0x10 bytes to port...
0.792635 gp_port_write               (3): Wrote   16 = 0x10 bytes to port: (hexdump of 16 bytes)
0000  10 00 00 00 01 00 15 10-28 00 00 00 37 d0 00 00  ........(...7...

0.792640 ptp_usb_getdata             (2): Reading PTP_OC 0x1015 (Get device property value) data...
0.792641 gp_port_read                (3): Reading 1024 = 0x400 bytes from port...
0.801983 gp_port_read                (3): Read    24 = 0x18 out of 1024 bytes from port: (hexdump of 24 bytes)
0000  18 00 00 00 02 00 15 10-28 00 00 00 04 00 00 00  ........(.......
0010  1c 02 68 01 01 00 00 00-                         ..h.....        

0.801990 ptp_usb_getresp             (2): Reading PTP_OC 0x1015 (Get device property value) response...
0.801991 gp_port_read                (3): Reading 1024 = 0x400 bytes from port...
0.802243 gp_port_read                (3): Read    12 = 0xc out of 1024 bytes from port: (hexdump of 12 bytes)
0000  0c 00 00 00 03 00 01 20-28 00 00 00              ....... (...    

0.802254 gp_widget_set_value         (2): Setting value of widget 'Pentax Live View Zoom' to 'off'...
0.802256 _get_config                 (2): Getting function prop 'Pentax Drive Mode' / 0x1015
0.802258 ptp_usb_sendreq             (2): Sending PTP_OC 0x900f (Unknown PTP_OC) request...
0.802259 gp_port_write               (3): Writing 12 = 0xc bytes to port...
0.802502 gp_port_write               (3): Wrote   12 = 0xc bytes to port: (hexdump of 12 bytes)
0000  0c 00 00 00 01 00 0f 90-29 00 00 00              ........)...    

0.802509 ptp_usb_getdata             (2): Reading PTP_OC 0x900f (Unknown PTP_OC) data...
0.802510 gp_port_read                (3): Reading 1024 = 0x400 bytes from port...
0.806181 gp_port_read                (3): Read    588 = 0x24c out of 1024 bytes from port: (hexdump of 588 bytes)
0000  4c 02 00 00 02 00 0f 90-29 00 00 00 8f 00 00 00  L.......).......
0010  00 00 00 00 00 00 00 00-00 00 00 00 00 00 00 00  ................
0020  00 00 00 00 00 00 00 00-00 00 00 00 00 00 00 00  ................
0030  00 00 00 00 00 00 00 00-00 00 00 00 00 00 00 00  ................
0040  00 00 00 00 00 00 00 00-00 00 00 00 00 00 00 00  ................
0050  0a 00 00 00 00 00 00 00-0a 00 00 00 00 00 00 00  ................
0060  14 00 00 00 0a 00 00 00-03 00 00 00 00 00 00 00  ................
0070  00 00 00 00 00 00 00 20-80 0c 00 00 00 00 00 00  ....... ........
0080  00 00 00 00 11 00 00 00-00 00 00 00 00 00 00 00  ................
0090  02 00 00 00 00 00 00 00-00 00 00 00 01 00 00 00  ................
00a0  00 00 00 00 00 00 00 00-00 00 00 00 00 00 00 00  ................
00b0  00 00 00 00 01 00 00 00-00 00 00 00 00 00 00 00  ................
00c0  00 00 00 00 14 00 00 00-00 00 00 00 00 00 00 00  ................
00d0  02 00 00 00 00 00 00 00-00 00 00 00 00 00 00 00  ................
00e0  00 00 00 00 00 00 00 00-07 00 00 00 00 00 00 00  ................
00f0  00 00 00 00 02 00 00 00-00 00 00 00 01 00 00 00  ................
0100  00 00 00 00 00 00 00 00-00 00 00 00 00 00 00 00  ................
0110  01 00 00 00 00 00 00 00-00 00 00 00 2c 01 00 00  ............,...
0120  01 00 00 00 28 00 00 00-0a 00 00 00 00 00 00 00  ....(...........
0130  0a 00 00 00 00 00 00 00-0a 00 00 00 00 00 00 00  ................
0140  00 00 00 00 80 0c 00 00-00 00 00 00 00 00 00 00  ................
0150  00 00 00 00 1c 00 00 00-0a 00 00 00 00 00 00 00  ................
0160  00 00 00 00 00 00 00 00-00 00 00 00 00 00 00 00  ................
0170  00 00 00 00 00 00 00 00-00 00 00 00 30 02 00 00  ............0...
0180  00 00 00 00 00 00 00 00-00 00 00 00 00 00 00 00  ................
0190  00 00 00 00 00 00 00 00-00 00 00 00 00 00 00 00  ................
01a0  00 00 00 00 00 00 00 00-00 00 00 00 00 00 00 00  ................
01b0  00 00 00 00 00 00 00 00-00 00 00 00 00 00 00 00  ................
01c0  00 00 00 00 00 00 00 00-00 00 00 00 00 00 00 00  ................
01d0  00 00 00 00 34 01 00 00-00 00 00 00 04 00 00 00  ....4...........
01e0  04 00 00 00 00 00 00 00-04 00 00 00 00 00 00 00  ................
01f0  00 00 00 00 01 00 00 00-00 00 00 00 08 00 00 00  ................
0200  01 00 00 00 47 02 00 00-00 00 00 00 00 00 00 00  ....G...........
0210  00 00 00 00 00 00 00 00-02 00 00 00 00 00 00 00  ................
0220  00 00 00 00 00 00 00 00-00 00 00 00 00 00 00 00  ................
0230  00 00 00 00 00 00 00 00-00 00 00 00 00 00 00 00  ................
0240  00 00 00 00 01 00 00 00-0f 00 00 00              ............    

0.806198 ptp_usb_getresp             (2): Reading PTP_OC 0x900f (Unknown PTP_OC) response...
0.806199 gp_port_read                (3): Reading 1024 = 0x400 bytes from port...
0.806398 gp_port_read                (3): Read    12 = 0xc out of 1024 bytes from port: (hexdump of 12 bytes)
0000  0c 00 00 00 03 00 01 20-29 00 00 00              ....... )...    

0.806407 gp_widget_set_value         (2): Setting value of widget 'Pentax Drive Mode' to 'single'...
0.806411 _get_config                 (2): Getting function prop 'Pentax White Balance' / 0x1014
0.806421 gp_widget_set_value         (2): Setting value of widget 'Pentax White Balance' to 'auto-800f'...
0.806422 _get_config                 (2): Getting function prop 'Pentax Live View AF Position' / 0x1015
0.806424 ptp_usb_sendreq             (2): Sending PTP_OC 0x1015 (Get device property value) (0xd009) request...
0.806425 gp_port_write               (3): Writing 16 = 0x10 bytes to port...
0.806638 gp_port_write               (3): Wrote   16 = 0x10 bytes to port: (hexdump of 16 bytes)
0000  10 00 00 00 01 00 15 10-2a 00 00 00 09 d0 00 00  ........*.......

0.806644 ptp_usb_getdata             (2): Reading PTP_OC 0x1015 (Get device property value) data...
0.806646 gp_port_read                (3): Reading 1024 = 0x400 bytes from port...
0.820669 gp_port_read                (3): Read    32 = 0x20 out of 1024 bytes from port: (hexdump of 32 bytes)
0000  20 00 00 00 02 00 15 10-2a 00 00 00 08 00 00 00   .......*.......
0010  38 04 d0 02 38 04 d0 02-de 02 b0 01 60 00 60 00  8...8.......`.`.

0.820676 ptp_usb_getresp             (2): Reading PTP_OC 0x1015 (Get device property value) response...
0.820677 gp_port_read                (3): Reading 1024 = 0x400 bytes from port...
0.820963 gp_port_read                (3): Read    12 = 0xc out of 1024 bytes from port: (hexdump of 12 bytes)
0000  0c 00 00 00 03 00 01 20-2a 00 00 00              ....... *...    

0.820970 ptp_usb_sendreq             (2): Sending PTP_OC 0x1015 (Get device property value) (0xd036) request...
0.820971 gp_port_write               (3): Writing 16 = 0x10 bytes to port...
0.821216 gp_port_write               (3): Wrote   16 = 0x10 bytes to port: (hexdump of 16 bytes)
0000  10 00 00 00 01 00 15 10-2b 00 00 00 36 d0 00 00  ........+...6...

0.821222 ptp_usb_getdata             (2): Reading PTP_OC 0x1015 (Get device property value) data...
0.821223 gp_port_read                (3): Reading 1024 = 0x400 bytes from port...
0.830393 gp_port_read                (3): Read    20 = 0x14 out of 1024 bytes from port: (hexdump of 20 bytes)
0000  14 00 00 00 02 00 15 10-2b 00 00 00 02 00 00 00  ........+.......
0010  1c 02 68 01            -                         ..h.            

0.830399 ptp_usb_getresp             (2): Reading PTP_OC 0x1015 (Get device property value) response...
0.830401 gp_port_read                (3): Reading 1024 = 0x400 bytes from port...
0.830627 gp_port_read                (3): Read    12 = 0xc out of 1024 bytes from port: (hexdump of 12 bytes)
0000  0c 00 00 00 03 00 01 20-2b 00 00 00              ....... +...    

0.830635 gp_widget_set_value         (2): Setting value of widget 'Pentax Live View AF Position' to '540,360'...
0.830638 _get_config                 (2): Getting property 'Battery Level' / 0x5001
0.830640 ptp_usb_sendreq             (2): Sending PTP_OC 0x1014 (Get device property description) (0x5001) request...
0.830641 gp_port_write               (3): Writing 16 = 0x10 bytes to port...
0.830880 gp_port_write               (3): Wrote   16 = 0x10 bytes to port: (hexdump of 16 bytes)
0000  10 00 00 00 01 00 14 10-2c 00 00 00 01 50 00 00  ........,....P..

0.830886 ptp_usb_getdata             (2): Reading PTP_OC 0x1014 (Get device property description) data...
0.830887 gp_port_read                (3): Reading 1024 = 0x400 bytes from port...
0.838500 gp_port_read                (3): Read    23 = 0x17 out of 1024 bytes from port: (hexdump of 23 bytes)
0000  17 00 00 00 02 00 14 10-2c 00 00 00 01 50 02 00  ........,....P..
0010  00 64 21 01 00 64 01   -                         .d!..d.         

0.838510 ptp_usb_getresp             (2): Reading PTP_OC 0x1014 (Get device property description) response...
0.838512 gp_port_read                (3): Reading 1024 = 0x400 bytes from port...
0.838800 gp_port_read                (3): Read    12 = 0xc out of 1024 bytes from port: (hexdump of 12 bytes)
0000  0c 00 00 00 03 00 01 20-2c 00 00 00              ....... ,...    

0.838812 gp_widget_set_value         (2): Setting value of widget 'Battery Level' to '33%'...
0.838823 _get_config                 (2): Getting property 'ISO Speed' / 0xd01e
0.838828 gp_widget_set_value         (2): Setting value of widget 'ISO Speed' to '3200'...
0.838835 _get_config                 (2): Getting property 'WhiteBalance' / 0x5005
0.838842 gp_widget_set_value         (2): Setting value of widget 'WhiteBalance' to 'Unknown value 800f'...
0.838858 _get_config                 (2): Getting property 'Exposure Compensation' / 0x5010
0.838863 gp_widget_set_value         (2): Setting value of widget 'Exposure Compensation' to '0'...
0.838866 _get_config                 (2): Getting property 'F-Number' / 0x5007
0.838869 _get_FNumber                (2): get_FNumber
0.838878 gp_widget_set_value         (2): Setting value of widget 'F-Number' to 'f/4'...
0.838882 _get_FNumber                (2): get_FNumber via enum
0.838886 _get_config                 (2): Getting property 'Sharpness' / 0x5015
0.838889 ptp_usb_sendreq             (2): Sending PTP_OC 0x1014 (Get device property description) (0x5015) request...
0.838892 gp_port_write               (3): Writing 16 = 0x10 bytes to port...
0.839037 gp_port_write               (3): Wrote   16 = 0x10 bytes to port: (hexdump of 16 bytes)
0000  10 00 00 00 01 00 14 10-2d 00 00 00 15 50 00 00  ........-....P..

0.839042 ptp_usb_getdata             (2): Reading PTP_OC 0x1014 (Get device property description) data...
0.839043 gp_port_read                (3): Reading 1024 = 0x400 bytes from port...
0.847483 gp_port_read                (3): Read    31 = 0x1f out of 1024 bytes from port: (hexdump of 31 bytes)
0000  1f 00 00 00 02 00 14 10-2d 00 00 00 15 50 02 00  ........-....P..
0010  01 04 04 02 09 00 00 01-02 03 04 05 06 07 08     ............... 

0.847489 ptp_usb_getresp             (2): Reading PTP_OC 0x1014 (Get device property description) response...
0.847491 gp_port_read                (3): Reading 1024 = 0x400 bytes from port...
0.847748 gp_port_read                (3): Read    12 = 0xc out of 1024 bytes from port: (hexdump of 12 bytes)
0000  0c 00 00 00 03 00 01 20-2d 00 00 00              ....... -...    

0.847758 gp_widget_set_value         (2): Setting value of widget 'Sharpness' to '50%'...
0.847760 _get_config                 (2): Getting property 'Shutter Speed' / 0xd00f
0.847771 gp_widget_set_value         (2): Setting value of widget 'Shutter Speed' to '300/1'...
0.847803 gp_widget_set_value         (2): Setting value of widget 'Battery Level' to '33'...
0.847808 gp_widget_set_value         (2): Setting value of widget 'White Balance' to '32783'...
0.847813 gp_widget_set_value         (2): Setting value of widget 'F-Number' to '400'...
0.847816 gp_widget_set_value         (2): Setting value of widget 'Exposure Bias Compensation' to '0'...
0.847819 gp_widget_set_value         (2): Setting value of widget 'Date & Time' to '20260826T002725'...
0.847821 ptp_usb_sendreq             (2): Sending PTP_OC 0x1014 (Get device property description) (0x5014) request...
0.847823 gp_port_write               (3): Writing 16 = 0x10 bytes to port...
0.847983 gp_port_write               (3): Wrote   16 = 0x10 bytes to port: (hexdump of 16 bytes)
0000  10 00 00 00 01 00 14 10-2e 00 00 00 14 50 00 00  .............P..

0.847989 ptp_usb_getdata             (2): Reading PTP_OC 0x1014 (Get device property description) data...
0.847990 gp_port_read                (3): Reading 1024 = 0x400 bytes from port...
0.858380 gp_port_read                (3): Read    31 = 0x1f out of 1024 bytes from port: (hexdump of 31 bytes)
0000  1f 00 00 00 02 00 14 10-2e 00 00 00 14 50 02 00  .............P..
0010  01 04 04 02 09 00 00 01-02 03 04 05 06 07 08     ............... 

0.858386 ptp_usb_getresp             (2): Reading PTP_OC 0x1014 (Get device property description) response...
0.858387 gp_port_read                (3): Reading 1024 = 0x400 bytes from port...
0.858638 gp_port_read                (3): Read    12 = 0xc out of 1024 bytes from port: (hexdump of 12 bytes)
0000  0c 00 00 00 03 00 01 20-2e 00 00 00              ....... ....    

0.858650 gp_widget_set_value         (2): Setting value of widget 'Contrast' to '4'...
0.858659 gp_widget_set_value         (2): Setting value of widget 'Sharpness' to '4'...
0.858663 ptp_usb_sendreq             (2): Sending PTP_OC 0x1014 (Get device property description) (0xd406) request...
0.858666 gp_port_write               (3): Writing 16 = 0x10 bytes to port...
0.858889 gp_port_write               (3): Wrote   16 = 0x10 bytes to port: (hexdump of 16 bytes)
0000  10 00 00 00 01 00 14 10-2f 00 00 00 06 d4 00 00  ......../.......

0.858893 ptp_usb_getdata             (2): Reading PTP_OC 0x1014 (Get device property description) data...
0.858895 gp_port_read                (3): Reading 1024 = 0x400 bytes from port...
0.859877 gp_port_read                (3): Read    20 = 0x14 out of 1024 bytes from port: (hexdump of 20 bytes)
0000  14 00 00 00 02 00 14 10-2f 00 00 00 06 d4 ff ff  ......../.......
0010  01 00 00 00            -                         ....            

0.859880 ptp_usb_getresp             (2): Reading PTP_OC 0x1014 (Get device property description) response...
0.859880 gp_port_read                (3): Reading 1024 = 0x400 bytes from port...
0.860102 gp_port_read                (3): Read    12 = 0xc out of 1024 bytes from port: (hexdump of 12 bytes)
0000  0c 00 00 00 03 00 01 20-2f 00 00 00              ....... /...    

0.860106 gp_widget_set_value         (2): Setting value of widget 'Session Initiator Info' to ''...
0.860107 ptp_usb_sendreq             (2): Sending PTP_OC 0x1014 (Get device property description) (0xd407) request...
0.860109 gp_port_write               (3): Writing 16 = 0x10 bytes to port...
0.860338 gp_port_write               (3): Wrote   16 = 0x10 bytes to port: (hexdump of 16 bytes)
0000  10 00 00 00 01 00 14 10-30 00 00 00 07 d4 00 00  ........0.......

0.860340 ptp_usb_getdata             (2): Reading PTP_OC 0x1014 (Get device property description) data...
0.860341 gp_port_read                (3): Reading 1024 = 0x400 bytes from port...
0.861292 gp_port_read                (3): Read    26 = 0x1a out of 1024 bytes from port: (hexdump of 26 bytes)
0000  1a 00 00 00 02 00 14 10-30 00 00 00 07 d4 06 00  ........0.......
0010  00 00 00 00 00 01 00 00-00 00                    ..........      

0.861295 ptp_usb_getresp             (2): Reading PTP_OC 0x1014 (Get device property description) response...
0.861295 gp_port_read                (3): Reading 1024 = 0x400 bytes from port...
0.861508 gp_port_read                (3): Read    12 = 0xc out of 1024 bytes from port: (hexdump of 12 bytes)
0000  0c 00 00 00 03 00 01 20-30 00 00 00              ....... 0...    

0.861512 gp_widget_set_value         (2): Setting value of widget 'Perceived Device Type' to '1'...
0.861513 ptp_usb_sendreq             (2): Sending PTP_OC 0x1014 (Get device property description) (0xd303) request...
0.861514 gp_port_write               (3): Writing 16 = 0x10 bytes to port...
0.861746 gp_port_write               (3): Wrote   16 = 0x10 bytes to port: (hexdump of 16 bytes)
0000  10 00 00 00 01 00 14 10-31 00 00 00 03 d3 00 00  ........1.......

0.861749 ptp_usb_getdata             (2): Reading PTP_OC 0x1014 (Get device property description) data...
0.861750 gp_port_read                (3): Reading 1024 = 0x400 bytes from port...
0.862717 gp_port_read                (3): Read    20 = 0x14 out of 1024 bytes from port: (hexdump of 20 bytes)
0000  14 00 00 00 02 00 14 10-31 00 00 00 03 d3 02 00  ........1.......
0010  00 01 01 00            -                         ....            

0.862720 ptp_usb_getresp             (2): Reading PTP_OC 0x1014 (Get device property description) response...
0.862720 gp_port_read                (3): Reading 1024 = 0x400 bytes from port...
0.862977 gp_port_read                (3): Read    12 = 0xc out of 1024 bytes from port: (hexdump of 12 bytes)
0000  0c 00 00 00 03 00 01 20-31 00 00 00              ....... 1...    

0.862981 gp_widget_set_value         (2): Setting value of widget 'PTP Property 0xd303' to '1'...
0.862982 ptp_usb_sendreq             (2): Sending PTP_OC 0x1014 (Get device property description) (0xd009) request...
0.862987 gp_port_write               (3): Writing 16 = 0x10 bytes to port...
0.863230 gp_port_write               (3): Wrote   16 = 0x10 bytes to port: (hexdump of 16 bytes)
0000  10 00 00 00 01 00 14 10-32 00 00 00 09 d0 00 00  ........2.......

0.863267 ptp_usb_getdata             (2): Reading PTP_OC 0x1014 (Get device property description) data...
0.863271 gp_port_read                (3): Reading 1024 = 0x400 bytes from port...
0.878101 gp_port_read                (3): Read    42 = 0x2a out of 1024 bytes from port: (hexdump of 42 bytes)
0000  2a 00 00 00 02 00 14 10-32 00 00 00 09 d0 04 40  *.......2......@
0010  01 00 00 00 00 08 00 00-00 38 04 d0 02 38 04 d0  .........8...8..
0020  02 de 02 b0 01 60 00 60-00 00                    .....`.`..      

0.878132 ptp_usb_getresp             (2): Reading PTP_OC 0x1014 (Get device property description) response...
0.878135 gp_port_read                (3): Reading 1024 = 0x400 bytes from port...
0.878352 gp_port_read                (3): Read    12 = 0xc out of 1024 bytes from port: (hexdump of 12 bytes)
0000  0c 00 00 00 03 00 01 20-32 00 00 00              ....... 2...    

0.878378 gp_widget_set_value         (2): Setting value of widget 'PTP Property 0xd00f' to '4294967596'...
0.878383 gp_widget_set_value         (2): Setting value of widget 'PTP Property 0xd013' to '0'...
0.878386 ptp_usb_sendreq             (2): Sending PTP_OC 0x1014 (Get device property description) (0xd014) request...
0.878388 gp_port_write               (3): Writing 16 = 0x10 bytes to port...
0.878586 gp_port_write               (3): Wrote   16 = 0x10 bytes to port: (hexdump of 16 bytes)
0000  10 00 00 00 01 00 14 10-33 00 00 00 14 d0 00 00  ........3.......

0.878590 ptp_usb_getdata             (2): Reading PTP_OC 0x1014 (Get device property description) data...
0.878591 gp_port_read                (3): Reading 1024 = 0x400 bytes from port...
0.891710 gp_port_read                (3): Read    27 = 0x1b out of 1024 bytes from port: (hexdump of 27 bytes)
0000  1b 00 00 00 02 00 14 10-33 00 00 00 14 d0 02 00  ........3.......
0010  01 00 00 02 05 00 00 00-00 00 00                 ...........     

0.891730 ptp_usb_getresp             (2): Reading PTP_OC 0x1014 (Get device property description) response...
0.891731 gp_port_read                (3): Reading 1024 = 0x400 bytes from port...
0.891959 gp_port_read                (3): Read    12 = 0xc out of 1024 bytes from port: (hexdump of 12 bytes)
0000  0c 00 00 00 03 00 01 20-33 00 00 00              ....... 3...    

0.891968 gp_widget_set_value         (2): Setting value of widget 'PTP Property 0xd014' to '0'...
0.891974 gp_widget_set_value         (2): Setting value of widget 'PTP Property 0xd015' to '20'...
0.891981 ptp_usb_sendreq             (2): Sending PTP_OC 0x1014 (Get device property description) (0xd018) request...
0.891983 gp_port_write               (3): Writing 16 = 0x10 bytes to port...
0.892219 gp_port_write               (3): Wrote   16 = 0x10 bytes to port: (hexdump of 16 bytes)
0000  10 00 00 00 01 00 14 10-34 00 00 00 18 d0 00 00  ........4.......

0.892222 ptp_usb_getdata             (2): Reading PTP_OC 0x1014 (Get device property description) data...
0.892223 gp_port_read                (3): Reading 1024 = 0x400 bytes from port...
0.902162 gp_port_read                (3): Read    12 = 0xc out of 1024 bytes from port: (hexdump of 12 bytes)
0000  0c 00 00 00 03 00 0a 20-34 00 00 00              ....... 4...    

0.902169 ptp_usb_getresp             (2): Reading PTP_OC 0x1014 (Get device property description) response...
0.902171 ptp_usb_getpacket           (2): Returning previously buffered response packet.
0.902174 ptp_usb_getresp [usb.c:495] (0): PTP_OC 0x1014 receiving resp failed: PTP Device Prop Not Supported (0x200a)
0.902178 ptp_usb_sendreq             (2): Sending PTP_OC 0x1014 (Get device property description) (0xd01b) request...
0.902180 gp_port_write               (3): Writing 16 = 0x10 bytes to port...
0.902450 gp_port_write               (3): Wrote   16 = 0x10 bytes to port: (hexdump of 16 bytes)
0000  10 00 00 00 01 00 14 10-35 00 00 00 1b d0 00 00  ........5.......

0.902467 ptp_usb_getdata             (2): Reading PTP_OC 0x1014 (Get device property description) data...
0.902469 gp_port_read                (3): Reading 1024 = 0x400 bytes from port...
0.921901 gp_port_read                (3): Read    33 = 0x21 out of 1024 bytes from port: (hexdump of 33 bytes)
0000  21 00 00 00 02 00 14 10-35 00 00 00 1b d0 02 40  !.......5......@
0010  01 00 00 00 00 07 00 00-00 02 06 00 02 01 01 01  ................
0020  00                     -                         .               

0.921919 ptp_usb_getresp             (2): Reading PTP_OC 0x1014 (Get device property description) response...
0.921920 gp_port_read                (3): Reading 1024 = 0x400 bytes from port...
0.922353 gp_port_read                (3): Read    12 = 0xc out of 1024 bytes from port: (hexdump of 12 bytes)
0000  0c 00 00 00 03 00 01 20-35 00 00 00              ....... 5...    

0.922369 gp_widget_set_value         (2): Setting value of widget 'PTP Property 0xd01e' to '3200'...
0.922372 ptp_usb_sendreq             (2): Sending PTP_OC 0x1014 (Get device property description) (0xd020) request...
0.922373 gp_port_write               (3): Writing 16 = 0x10 bytes to port...
0.922599 gp_port_write               (3): Wrote   16 = 0x10 bytes to port: (hexdump of 16 bytes)
0000  10 00 00 00 01 00 14 10-36 00 00 00 20 d0 00 00  ........6... ...

0.922603 ptp_usb_getdata             (2): Reading PTP_OC 0x1014 (Get device property description) data...
0.922604 gp_port_read                (3): Reading 1024 = 0x400 bytes from port...
0.974531 gp_port_read                (3): Read    37 = 0x25 out of 1024 bytes from port: (hexdump of 37 bytes)
0000  25 00 00 00 02 00 14 10-36 00 00 00 20 d0 02 00  %.......6... ...
0010  01 00 00 02 0f 00 ff 01-00 02 03 04 0c 09 06 0b  ................
0020  08 07 11 05 0a         -                         .....           

0.974564 ptp_usb_getresp             (2): Reading PTP_OC 0x1014 (Get device property description) response...
0.974567 gp_port_read                (3): Reading 1024 = 0x400 bytes from port...
0.974755 gp_port_read                (3): Read    12 = 0xc out of 1024 bytes from port: (hexdump of 12 bytes)
0000  0c 00 00 00 03 00 01 20-36 00 00 00              ....... 6...    

0.974772 gp_widget_set_value         (2): Setting value of widget 'PTP Property 0xd020' to '0'...
0.974778 ptp_usb_sendreq             (2): Sending PTP_OC 0x1014 (Get device property description) (0xd021) request...
0.974779 gp_port_write               (3): Writing 16 = 0x10 bytes to port...
0.975003 gp_port_write               (3): Wrote   16 = 0x10 bytes to port: (hexdump of 16 bytes)
0000  10 00 00 00 01 00 14 10-37 00 00 00 21 d0 00 00  ........7...!...

0.975007 ptp_usb_getdata             (2): Reading PTP_OC 0x1014 (Get device property description) data...
0.975008 gp_port_read                (3): Reading 1024 = 0x400 bytes from port...
0.987566 gp_port_read                (3): Read    31 = 0x1f out of 1024 bytes from port: (hexdump of 31 bytes)
0000  1f 00 00 00 02 00 14 10-37 00 00 00 21 d0 01 00  ........7...!...
0010  01 00 00 02 09 00 fc fd-fe ff 00 01 02 03 04     ............... 

0.987602 ptp_usb_getresp             (2): Reading PTP_OC 0x1014 (Get device property description) response...
0.987605 gp_port_read                (3): Reading 1024 = 0x400 bytes from port...
0.987805 gp_port_read                (3): Read    12 = 0xc out of 1024 bytes from port: (hexdump of 12 bytes)
0000  0c 00 00 00 03 00 01 20-37 00 00 00              ....... 7...    

0.987824 gp_widget_set_value         (2): Setting value of widget 'PTP Property 0xd021' to '0'...
0.987830 ptp_usb_sendreq             (2): Sending PTP_OC 0x1014 (Get device property description) (0xd022) request...
0.987832 gp_port_write               (3): Writing 16 = 0x10 bytes to port...
0.988053 gp_port_write               (3): Wrote   16 = 0x10 bytes to port: (hexdump of 16 bytes)
0000  10 00 00 00 01 00 14 10-38 00 00 00 22 d0 00 00  ........8..."...

0.988059 ptp_usb_getdata             (2): Reading PTP_OC 0x1014 (Get device property description) data...
0.988072 gp_port_read                (3): Reading 1024 = 0x400 bytes from port...
1.001004 gp_port_read                (3): Read    31 = 0x1f out of 1024 bytes from port: (hexdump of 31 bytes)
0000  1f 00 00 00 02 00 14 10-38 00 00 00 22 d0 01 00  ........8..."...
0010  01 00 00 02 09 00 fc fd-fe ff 00 01 02 03 04     ............... 

1.001042 ptp_usb_getresp             (2): Reading PTP_OC 0x1014 (Get device property description) response...
1.001045 gp_port_read                (3): Reading 1024 = 0x400 bytes from port...
1.001244 gp_port_read                (3): Read    12 = 0xc out of 1024 bytes from port: (hexdump of 12 bytes)
0000  0c 00 00 00 03 00 01 20-38 00 00 00              ....... 8...    

1.001264 gp_widget_set_value         (2): Setting value of widget 'PTP Property 0xd022' to '0'...
1.001271 ptp_usb_sendreq             (2): Sending PTP_OC 0x1014 (Get device property description) (0xd023) request...
1.001275 gp_port_write               (3): Writing 16 = 0x10 bytes to port...
1.001481 gp_port_write               (3): Wrote   16 = 0x10 bytes to port: (hexdump of 16 bytes)
0000  10 00 00 00 01 00 14 10-39 00 00 00 23 d0 00 00  ........9...#...

1.001485 ptp_usb_getdata             (2): Reading PTP_OC 0x1014 (Get device property description) data...
1.001485 gp_port_read                (3): Reading 1024 = 0x400 bytes from port...
1.009750 gp_port_read                (3): Read    31 = 0x1f out of 1024 bytes from port: (hexdump of 31 bytes)
0000  1f 00 00 00 02 00 14 10-39 00 00 00 23 d0 01 00  ........9...#...
0010  01 00 00 02 09 00 fc fd-fe ff 00 01 02 03 04     ............... 

1.009767 ptp_usb_getresp             (2): Reading PTP_OC 0x1014 (Get device property description) response...
1.009769 gp_port_read                (3): Reading 1024 = 0x400 bytes from port...
1.010020 gp_port_read                (3): Read    12 = 0xc out of 1024 bytes from port: (hexdump of 12 bytes)
0000  0c 00 00 00 03 00 01 20-39 00 00 00              ....... 9...    

1.010031 gp_widget_set_value         (2): Setting value of widget 'PTP Property 0xd023' to '0'...
1.010035 ptp_usb_sendreq             (2): Sending PTP_OC 0x1014 (Get device property description) (0xd024) request...
1.010037 gp_port_write               (3): Writing 16 = 0x10 bytes to port...
1.010264 gp_port_write               (3): Wrote   16 = 0x10 bytes to port: (hexdump of 16 bytes)
0000  10 00 00 00 01 00 14 10-3a 00 00 00 24 d0 00 00  ........:...$...

1.010268 ptp_usb_getdata             (2): Reading PTP_OC 0x1014 (Get device property description) data...
1.010269 gp_port_read                (3): Reading 1024 = 0x400 bytes from port...
1.022952 gp_port_read                (3): Read    22 = 0x16 out of 1024 bytes from port: (hexdump of 22 bytes)
0000  16 00 00 00 02 00 14 10-3a 00 00 00 24 d0 02 00  ........:...$...
0010  01 00 00 02 00 00      -                         ......          

1.022958 ptp_usb_getresp             (2): Reading PTP_OC 0x1014 (Get device property description) response...
1.022959 gp_port_read                (3): Reading 1024 = 0x400 bytes from port...
1.023229 gp_port_read                (3): Read    12 = 0xc out of 1024 bytes from port: (hexdump of 12 bytes)
0000  0c 00 00 00 03 00 01 20-3a 00 00 00              ....... :...    

1.023236 gp_widget_set_value         (2): Setting value of widget 'PTP Property 0xd024' to '0'...
1.023239 ptp_usb_sendreq             (2): Sending PTP_OC 0x1014 (Get device property description) (0xd025) request...
1.023240 gp_port_write               (3): Writing 16 = 0x10 bytes to port...
1.023480 gp_port_write               (3): Wrote   16 = 0x10 bytes to port: (hexdump of 16 bytes)
0000  10 00 00 00 01 00 14 10-3b 00 00 00 25 d0 00 00  ........;...%...

1.023484 ptp_usb_getdata             (2): Reading PTP_OC 0x1014 (Get device property description) data...
1.023485 gp_port_read                (3): Reading 1024 = 0x400 bytes from port...
1.084280 gp_port_read                (3): Read    22 = 0x16 out of 1024 bytes from port: (hexdump of 22 bytes)
0000  16 00 00 00 02 00 14 10-3b 00 00 00 25 d0 01 00  ........;...%...
0010  01 00 00 02 00 00      -                         ......          

1.084329 ptp_usb_getresp             (2): Reading PTP_OC 0x1014 (Get device property description) response...
1.084332 gp_port_read                (3): Reading 1024 = 0x400 bytes from port...
1.084543 gp_port_read                (3): Read    12 = 0xc out of 1024 bytes from port: (hexdump of 12 bytes)
0000  0c 00 00 00 03 00 01 20-3b 00 00 00              ....... ;...    

1.084560 gp_widget_set_value         (2): Setting value of widget 'PTP Property 0xd025' to '0'...
1.084567 ptp_usb_sendreq             (2): Sending PTP_OC 0x1014 (Get device property description) (0xd026) request...
1.084569 gp_port_write               (3): Writing 16 = 0x10 bytes to port...
1.084811 gp_port_write               (3): Wrote   16 = 0x10 bytes to port: (hexdump of 16 bytes)
0000  10 00 00 00 01 00 14 10-3c 00 00 00 26 d0 00 00  ........<...&...

1.084819 ptp_usb_getdata             (2): Reading PTP_OC 0x1014 (Get device property description) data...
1.084820 gp_port_read                (3): Reading 1024 = 0x400 bytes from port...
1.112709 gp_port_read                (3): Read    22 = 0x16 out of 1024 bytes from port: (hexdump of 22 bytes)
0000  16 00 00 00 02 00 14 10-3c 00 00 00 26 d0 02 00  ........<...&...
0010  01 00 00 02 00 00      -                         ......          

1.112743 ptp_usb_getresp             (2): Reading PTP_OC 0x1014 (Get device property description) response...
1.112745 gp_port_read                (3): Reading 1024 = 0x400 bytes from port...
1.112980 gp_port_read                (3): Read    12 = 0xc out of 1024 bytes from port: (hexdump of 12 bytes)
0000  0c 00 00 00 03 00 01 20-3c 00 00 00              ....... <...    

1.112999 gp_widget_set_value         (2): Setting value of widget 'PTP Property 0xd026' to '0'...
1.113004 ptp_usb_sendreq             (2): Sending PTP_OC 0x1014 (Get device property description) (0xd027) request...
1.113006 gp_port_write               (3): Writing 16 = 0x10 bytes to port...
1.113255 gp_port_write               (3): Wrote   16 = 0x10 bytes to port: (hexdump of 16 bytes)
0000  10 00 00 00 01 00 14 10-3d 00 00 00 27 d0 00 00  ........=...'...

1.113260 ptp_usb_getdata             (2): Reading PTP_OC 0x1014 (Get device property description) data...
1.113261 gp_port_read                (3): Reading 1024 = 0x400 bytes from port...
1.123370 _cb_irq                     (3): interrupt (hexdump of 16 bytes)
0000  10 00 00 00 04 00 0c 40-3d 00 00 00 01 00 01 00  .......@=.......

1.123376 _cb_irq                     (2): Requeuing completed transfer 0x6144ac5f89f0
1.128889 gp_port_read                (3): Read    24 = 0x18 out of 1024 bytes from port: (hexdump of 24 bytes)
0000  18 00 00 00 02 00 14 10-3d 00 00 00 27 d0 02 00  ........=...'...
0010  01 00 01 02 02 00 00 01-                         ........        

1.128897 ptp_usb_getresp             (2): Reading PTP_OC 0x1014 (Get device property description) response...
1.128898 gp_port_read                (3): Reading 1024 = 0x400 bytes from port...
1.129192 gp_port_read                (3): Read    12 = 0xc out of 1024 bytes from port: (hexdump of 12 bytes)
0000  0c 00 00 00 03 00 01 20-3d 00 00 00              ....... =...    

1.129204 gp_widget_set_value         (2): Setting value of widget 'PTP Property 0xd027' to '1'...
1.129208 ptp_usb_sendreq             (2): Sending PTP_OC 0x1014 (Get device property description) (0xd028) request...
1.129209 gp_port_write               (3): Writing 16 = 0x10 bytes to port...
1.129472 gp_port_write               (3): Wrote   16 = 0x10 bytes to port: (hexdump of 16 bytes)
0000  10 00 00 00 01 00 14 10-3e 00 00 00 28 d0 00 00  ........>...(...

1.129490 ptp_usb_getdata             (2): Reading PTP_OC 0x1014 (Get device property description) data...
1.129493 gp_port_read                (3): Reading 1024 = 0x400 bytes from port...
1.146635 gp_port_read                (3): Read    31 = 0x1f out of 1024 bytes from port: (hexdump of 31 bytes)
0000  1f 00 00 00 02 00 14 10-3e 00 00 00 28 d0 01 00  ........>...(...
0010  01 00 00 02 09 00 fc fd-fe ff 00 01 02 03 04     ............... 

1.146660 ptp_usb_getresp             (2): Reading PTP_OC 0x1014 (Get device property description) response...
1.146662 gp_port_read                (3): Reading 1024 = 0x400 bytes from port...
1.146979 gp_port_read                (3): Read    12 = 0xc out of 1024 bytes from port: (hexdump of 12 bytes)
0000  0c 00 00 00 03 00 01 20-3e 00 00 00              ....... >...    

1.146997 gp_widget_set_value         (2): Setting value of widget 'PTP Property 0xd028' to '0'...
1.147001 ptp_usb_sendreq             (2): Sending PTP_OC 0x1014 (Get device property description) (0xd029) request...
1.147003 gp_port_write               (3): Writing 16 = 0x10 bytes to port...
1.147214 gp_port_write               (3): Wrote   16 = 0x10 bytes to port: (hexdump of 16 bytes)
0000  10 00 00 00 01 00 14 10-3f 00 00 00 29 d0 00 00  ........?...)...

1.147219 ptp_usb_getdata             (2): Reading PTP_OC 0x1014 (Get device property description) data...
1.147219 gp_port_read                (3): Reading 1024 = 0x400 bytes from port...
1.159365 _cb_irq                     (3): interrupt (hexdump of 16 bytes)
0000  10 00 00 00 04 00 0c 40-3f 00 00 00 01 00 02 00  .......@?.......

1.159380 _cb_irq                     (2): Requeuing completed transfer 0x6144ac60be80
1.166111 gp_port_read                (3): Read    31 = 0x1f out of 1024 bytes from port: (hexdump of 31 bytes)
0000  1f 00 00 00 02 00 14 10-3f 00 00 00 29 d0 01 00  ........?...)...
0010  01 00 00 02 09 00 fc fd-fe ff 00 01 02 03 04     ............... 

1.166122 ptp_usb_getresp             (2): Reading PTP_OC 0x1014 (Get device property description) response...
1.166124 gp_port_read                (3): Reading 1024 = 0x400 bytes from port...
1.166457 gp_port_read                (3): Read    12 = 0xc out of 1024 bytes from port: (hexdump of 12 bytes)
0000  0c 00 00 00 03 00 01 20-3f 00 00 00              ....... ?...    

1.166471 gp_widget_set_value         (2): Setting value of widget 'PTP Property 0xd029' to '0'...
1.166477 ptp_usb_sendreq             (2): Sending PTP_OC 0x1014 (Get device property description) (0xd02a) request...
1.166479 gp_port_write               (3): Writing 16 = 0x10 bytes to port...
1.166723 gp_port_write               (3): Wrote   16 = 0x10 bytes to port: (hexdump of 16 bytes)
0000  10 00 00 00 01 00 14 10-40 00 00 00 2a d0 00 00  ........@...*...

1.166727 ptp_usb_getdata             (2): Reading PTP_OC 0x1014 (Get device property description) data...
1.166728 gp_port_read                (3): Reading 1024 = 0x400 bytes from port...
1.180386 gp_port_read                (3): Read    24 = 0x18 out of 1024 bytes from port: (hexdump of 24 bytes)
0000  18 00 00 00 02 00 14 10-40 00 00 00 2a d0 02 00  ........@...*...
0010  01 00 00 02 02 00 00 01-                         ........        

1.180410 ptp_usb_getresp             (2): Reading PTP_OC 0x1014 (Get device property description) response...
1.180412 gp_port_read                (3): Reading 1024 = 0x400 bytes from port...
1.180729 gp_port_read                (3): Read    12 = 0xc out of 1024 bytes from port: (hexdump of 12 bytes)
0000  0c 00 00 00 03 00 01 20-40 00 00 00              ....... @...    

1.180741 gp_widget_set_value         (2): Setting value of widget 'PTP Property 0xd02a' to '0'...
1.180747 gp_widget_set_value         (2): Setting value of widget 'PTP Property 0xd02b' to '0'...
1.180751 ptp_usb_sendreq             (2): Sending PTP_OC 0x1014 (Get device property description) (0xd02c) request...
1.180752 gp_port_write               (3): Writing 16 = 0x10 bytes to port...
1.180997 gp_port_write               (3): Wrote   16 = 0x10 bytes to port: (hexdump of 16 bytes)
0000  10 00 00 00 01 00 14 10-41 00 00 00 2c d0 00 00  ........A...,...

1.181001 ptp_usb_getdata             (2): Reading PTP_OC 0x1014 (Get device property description) data...
1.181002 gp_port_read                (3): Reading 1024 = 0x400 bytes from port...
1.211396 gp_port_read                (3): Read    22 = 0x16 out of 1024 bytes from port: (hexdump of 22 bytes)
0000  16 00 00 00 02 00 14 10-41 00 00 00 2c d0 02 00  ........A...,...
0010  01 00 00 02 00 00      -                         ......          

1.211441 ptp_usb_getresp             (2): Reading PTP_OC 0x1014 (Get device property description) response...
1.211443 gp_port_read                (3): Reading 1024 = 0x400 bytes from port...
1.211762 gp_port_read                (3): Read    12 = 0xc out of 1024 bytes from port: (hexdump of 12 bytes)
0000  0c 00 00 00 03 00 01 20-41 00 00 00              ....... A...    

1.211778 gp_widget_set_value         (2): Setting value of widget 'PTP Property 0xd02c' to '0'...
1.211784 ptp_usb_sendreq             (2): Sending PTP_OC 0x1014 (Get device property description) (0xd02d) request...
1.211786 gp_port_write               (3): Writing 16 = 0x10 bytes to port...
1.212223 gp_port_write               (3): Wrote   16 = 0x10 bytes to port: (hexdump of 16 bytes)
0000  10 00 00 00 01 00 14 10-42 00 00 00 2d d0 00 00  ........B...-...

1.212230 ptp_usb_getdata             (2): Reading PTP_OC 0x1014 (Get device property description) data...
1.212232 gp_port_read                (3): Reading 1024 = 0x400 bytes from port...
1.227201 gp_port_read                (3): Read    30 = 0x1e out of 1024 bytes from port: (hexdump of 30 bytes)
0000  1e 00 00 00 02 00 14 10-42 00 00 00 2d d0 02 40  ........B...-..@
0010  01 00 00 00 00 04 00 00-00 00 00 00 00 00        ..............  

1.227211 ptp_usb_getresp             (2): Reading PTP_OC 0x1014 (Get device property description) response...
1.227213 gp_port_read                (3): Reading 1024 = 0x400 bytes from port...
1.227676 gp_port_read                (3): Read    12 = 0xc out of 1024 bytes from port: (hexdump of 12 bytes)
0000  0c 00 00 00 03 00 01 20-42 00 00 00              ....... B...    

1.227689 gp_widget_set_value         (2): Setting value of widget 'PTP Property 0xd035' to '0'...
1.227692 ptp_usb_sendreq             (2): Sending PTP_OC 0x1014 (Get device property description) (0xd036) request...
1.227694 gp_port_write               (3): Writing 16 = 0x10 bytes to port...
1.228009 gp_port_write               (3): Wrote   16 = 0x10 bytes to port: (hexdump of 16 bytes)
0000  10 00 00 00 01 00 14 10-43 00 00 00 36 d0 00 00  ........C...6...

1.228013 ptp_usb_getdata             (2): Reading PTP_OC 0x1014 (Get device property description) data...
1.228015 gp_port_read                (3): Reading 1024 = 0x400 bytes from port...
1.238803 gp_port_read                (3): Read    30 = 0x1e out of 1024 bytes from port: (hexdump of 30 bytes)
0000  1e 00 00 00 02 00 14 10-43 00 00 00 36 d0 04 40  ........C...6..@
0010  01 00 00 00 00 02 00 00-00 1c 02 68 01 00        ...........h..  

1.238808 ptp_usb_getresp             (2): Reading PTP_OC 0x1014 (Get device property description) response...
1.238809 gp_port_read                (3): Reading 1024 = 0x400 bytes from port...
1.239117 gp_port_read                (3): Read    12 = 0xc out of 1024 bytes from port: (hexdump of 12 bytes)
0000  0c 00 00 00 03 00 01 20-43 00 00 00              ....... C...    

1.239126 ptp_usb_sendreq             (2): Sending PTP_OC 0x1014 (Get device property description) (0xd037) request...
1.239127 gp_port_write               (3): Writing 16 = 0x10 bytes to port...
1.239501 gp_port_write               (3): Wrote   16 = 0x10 bytes to port: (hexdump of 16 bytes)
0000  10 00 00 00 01 00 14 10-44 00 00 00 37 d0 00 00  ........D...7...

1.239504 ptp_usb_getdata             (2): Reading PTP_OC 0x1014 (Get device property description) data...
1.239505 gp_port_read                (3): Reading 1024 = 0x400 bytes from port...
1.252319 gp_port_read                (3): Read    34 = 0x22 out of 1024 bytes from port: (hexdump of 34 bytes)
0000  22 00 00 00 02 00 14 10-44 00 00 00 37 d0 04 40  ".......D...7..@
0010  01 00 00 00 00 04 00 00-00 1c 02 68 01 01 00 00  ...........h....
0020  00 00                  -                         ..              

1.252330 ptp_usb_getresp             (2): Reading PTP_OC 0x1014 (Get device property description) response...
1.252344 gp_port_read                (3): Reading 1024 = 0x400 bytes from port...
1.252664 gp_port_read                (3): Read    12 = 0xc out of 1024 bytes from port: (hexdump of 12 bytes)
0000  0c 00 00 00 03 00 01 20-44 00 00 00              ....... D...    

1.252675 ptp_usb_sendreq             (2): Sending PTP_OC 0x1014 (Get device property description) (0xd039) request...
1.252676 gp_port_write               (3): Writing 16 = 0x10 bytes to port...
1.252949 gp_port_write               (3): Wrote   16 = 0x10 bytes to port: (hexdump of 16 bytes)
0000  10 00 00 00 01 00 14 10-45 00 00 00 39 d0 00 00  ........E...9...

1.252955 ptp_usb_getdata             (2): Reading PTP_OC 0x1014 (Get device property description) data...
1.252956 gp_port_read                (3): Reading 1024 = 0x400 bytes from port...
1.264803 gp_port_read                (3): Read    24 = 0x18 out of 1024 bytes from port: (hexdump of 24 bytes)
0000  18 00 00 00 02 00 14 10-45 00 00 00 39 d0 02 00  ........E...9...
0010  01 00 00 02 02 00 00 01-                         ........        

1.264811 ptp_usb_getresp             (2): Reading PTP_OC 0x1014 (Get device property description) response...
1.264812 gp_port_read                (3): Reading 1024 = 0x400 bytes from port...
1.265071 gp_port_read                (3): Read    12 = 0xc out of 1024 bytes from port: (hexdump of 12 bytes)
0000  0c 00 00 00 03 00 01 20-45 00 00 00              ....... E...    

1.265079 gp_widget_set_value         (2): Setting value of widget 'PTP Property 0xd039' to '0'...
1.265091 gp_widget_set_value         (2): Setting value of widget 'Shutter Speed' to '5/1'...
1.265272 _set_config                 (2): Setting property 'Shutter Speed' / 0xd00f
1.265290 ptp_usb_sendreq             (2): Sending PTP_OC 0x1016 (Set device property value) (0xd00f) request...
1.265292 gp_port_write               (3): Writing 16 = 0x10 bytes to port...
1.265424 gp_port_write               (3): Wrote   16 = 0x10 bytes to port: (hexdump of 16 bytes)
0000  10 00 00 00 01 00 16 10-46 00 00 00 0f d0 00 00  ........F.......

1.265428 ptp_usb_senddata            (2): Sending PTP_OC 0x1016 (Set device property value) data...
1.265429 gp_port_write               (3): Writing 20 = 0x14 bytes to port...
1.265806 gp_port_write               (3): Wrote   20 = 0x14 bytes to port: (hexdump of 20 bytes)
0000  14 00 00 00 02 00 16 10-46 00 00 00 05 00 00 00  ........F.......
0010  01 00 00 00            -                         ....            

1.265810 ptp_usb_getresp             (2): Reading PTP_OC 0x1016 (Set device property value) response...
1.265811 gp_port_read                (3): Reading 1024 = 0x400 bytes from port...
1.332102 gp_port_read                (3): Read    12 = 0xc out of 1024 bytes from port: (hexdump of 12 bytes)
0000  0c 00 00 00 03 00 01 20-46 00 00 00              ....... F...    

1.332727 gp_camera_free              (2): Freeing camera...
1.332731 gp_camera_exit              (2): Exiting camera ('Pentax K-3 Mark III (MTP mode)')...
1.332736 ptp_usb_sendreq             (2): Sending PTP_OC 0x9001 (Unknown PTP_OC) request...
1.332738 gp_port_write               (3): Writing 32 = 0x20 bytes to port...
1.332795 gp_port_write               (3): Wrote   32 = 0x20 bytes to port: (hexdump of 32 bytes)
0000  20 00 00 00 01 00 01 90-47 00 00 00 0d 00 00 00   .......G.......
0010  54 32 01 00 00 00 00 00-01 00 00 00 00 00 00 00  T2..............

1.332799 ptp_usb_getresp             (2): Reading PTP_OC 0x9001 (Unknown PTP_OC) response...
1.332801 gp_port_read                (3): Reading 1024 = 0x400 bytes from port...
1.354247 gp_port_read                (3): Read    20 = 0x14 out of 1024 bytes from port: (hexdump of 20 bytes)
0000  14 00 00 00 03 00 01 20-47 00 00 00 00 00 00 00  ....... G.......
0010  00 00 00 00            -                         ....            

1.354264 camera_exit                 (2): Pentax vendor mode disabled
1.354273 gp_port_get_timeout         (2): Current port timeout is 20000 milliseconds.
1.354275 gp_port_set_timeout         (2): Setting port timeout to 150 milliseconds.
1.354287 gp_port_check_int           (3): Reading 24 = 0x18 bytes from interrupt endpoint...
1.354293 gp_port_check_int           (3): Read    16 = 0x10 out of 24 bytes from interrupt endpoint: (hexdump of 16 bytes)
0000  10 00 00 00 04 00 0c 40-3d 00 00 00 01 00 01 00  .......@=.......

1.354295 gp_port_set_timeout         (2): Setting port timeout to 20000 milliseconds.
1.354297 ptp                         (2): event: nparams=0x1, code=0x400C, trans_id=0x3D, p1=0x10001, p2=0x0, p3=0x0
1.354305 camera_exit                 (2): missed ptp event 0x400c (param1=10001)
1.354314 ptp_usb_sendreq             (2): Sending PTP_OC 0x1003 (Close session) request...
1.354316 gp_port_write               (3): Writing 12 = 0xc bytes to port...
1.354606 gp_port_write               (3): Wrote   12 = 0xc bytes to port: (hexdump of 12 bytes)
0000  0c 00 00 00 01 00 03 10-48 00 00 00              ........H...    

1.354610 ptp_usb_getresp             (2): Reading PTP_OC 0x1003 (Close session) response...
1.354612 gp_port_read                (3): Reading 1024 = 0x400 bytes from port...
1.358293 gp_port_read                (3): Read    12 = 0xc out of 1024 bytes from port: (hexdump of 12 bytes)
0000  0c 00 00 00 03 00 01 20-48 00 00 00              ....... H...    

1.358342 gp_port_close               (2): Closing port...
1.359400 _close_async_interrupts     (2): canceling USB IRQ transfers
1.363330 gp_filesystem_reset         (2): resetting filesystem
1.363332 gp_filesystem_lru_clear     (2): Clearing fscache LRU list...
1.363333 gp_filesystem_lru_clear     (2): fscache LRU list already empty
1.363334 delete_all_folders          (2): Internally deleting all folders from '/'...
1.363335 lookup_folder               (2): Lookup folder '/'...
1.363337 lookup_folder               (2): Found! / is 0x6144ac5bc860
1.363337 recurse_delete_folder       (2): Recurse delete folder 0x6144ac5bc860//
1.363338 delete_all_files            (2): Delete all files in folder 0x6144ac5bc860//
1.363341 gp_port_free                (2): Freeing port...
1.363342 gp_port_close               (2): Closing port...
1.363465 gp_filesystem_reset         (2): resetting filesystem
1.363467 gp_filesystem_lru_clear     (2): Clearing fscache LRU list...
1.363468 gp_filesystem_lru_clear     (2): fscache LRU list already empty
1.363468 delete_all_folders          (2): Internally deleting all folders from '/'...
1.363469 lookup_folder               (2): Lookup folder '/'...
1.363470 lookup_folder               (2): Found! / is 0x6144ac5bc860
1.363471 recurse_delete_folder       (2): Recurse delete folder 0x6144ac5bc860//
1.363471 delete_all_files            (2): Delete all files in folder 0x6144ac5bc860//
